season_id,age_group_id,region_id,club_id,league_group_id,division_name,group_name,match_id,round,round_no,round_date,time,home_team,away_team,organizer,venue,team_result,team_points,wo,livescore
2020,1,1,-3,13241,Badmintonligaen,Final 4,406952,10 22-06-2021,10,22-06-2021,ti 22‑06‑2021 13:00,Vendsyssel,Værløse,,Brøndby Hallen,1-5,1-5,,
2020,1,1,-3,13241,Badmintonligaen,Final 4,406953,10 22-06-2021,10,22-06-2021,ti 22‑06‑2021 19:00,Team Skælskør-Slagelse,Skovshoved,,Brøndby Hallen,1-5,1-5,,
2020,1,1,-3,13241,Badmintonligaen,Final 4,407990,11 23-06-2021,11,23-06-2021,on 23‑06‑2021 13:00,Vendsyssel,Team Skælskør-Slagelse,,Brøndby Hallen,3-5,3-5,,
2020,1,1,-3,13241,Badmintonligaen,Final 4,407991,11 23-06-2021,11,23-06-2021,on 23‑06‑2021 19:00,Værløse,Skovshoved,,Brøndby Hallen,3-5,3-5,,
2020,1,1,-3,13240,Badmintonligaen,Grundspil,385919,1 25-08-2020,1,25-08-2020,ti 25‑08‑2020 18:30,Aarhus AB,Greve,,Aarhus Badmintonhal,4-5,5-7,,
2020,1,1,-3,13240,Badmintonligaen,Grundspil,385920,1 25-08-2020,1,25-08-2020,ti 25‑08‑2020 19:00,Team Skælskør-Slagelse,Solrød Strand,,Skælskør Badminton Center,6-3,9-3,,
2020,1,1,-3,13240,Badmintonligaen,Grundspil,385921,1 25-08-2020,1,25-08-2020,ti 25‑08‑2020 19:00,Værløse,Skovshoved,,Værløsehallerne 2-5,5-4,7-5,,
2020,1,1,-3,13240,Badmintonligaen,Grundspil,385922,1 25-08-2020,1,25-08-2020,ti 25‑08‑2020 19:00,Gentofte,Højbjerg/Via Biler,,GBK Hallen 1-4,3-6,3-9,,
2020,1,1,-3,13240,Badmintonligaen,Grundspil,388129,1 25-08-2020,1,25-08-2020,ti 25‑08‑2020 19:00,Vendsyssel,RSL ODENSE OBK,,Arena Nord,8-1,11-1,,
2020,1,1,-3,13240,Badmintonligaen,Grundspil,385924,2 27-08-2020,2,27-08-2020,to 27‑08‑2020 18:30,Skovshoved,Gentofte,,Krøyersvej,6-3,9-3,,
2020,1,1,-3,13240,Badmintonligaen,Grundspil,385925,2 27-08-2020,2,27-08-2020,to 27‑08‑2020 19:00,Greve,Værløse,,Greve Idræts Center hal 1,4-5,5-7,,
2020,1,1,-3,13240,Badmintonligaen,Grundspil,385926,2 27-08-2020,2,27-08-2020,to 27‑08‑2020 18:30,Solrød Strand,Aarhus AB,,Solrød Idrætscenter Hal A,7-2,10-2,,
2020,1,1,-3,13240,Badmintonligaen,Grundspil,385928,2 27-08-2020,2,27-08-2020,to 27‑08‑2020 18:00,Højbjerg/Via Biler,Vendsyssel,,NES Arena,2-7,2-10,,
2020,1,1,-3,13240,Badmintonligaen,Grundspil,388130,2 27-08-2020,2,27-08-2020,to 27‑08‑2020 18:00,RSL ODENSE OBK,Team Skælskør-Slagelse,,OBK-­hallen,3-6,3-9,,
2020,1,1,-3,13240,Badmintonligaen,Grundspil,403303,3 10-11-2020,3,10-11-2020,ti 10‑11‑2020 18:30,Skovshoved,Aarhus AB,,Krøyersvej,8-1,11-1,,
2020,1,1,-3,13240,Badmintonligaen,Grundspil,403304,3 10-11-2020,3,10-11-2020,ti 10‑11‑2020 19:00,Værløse,Højbjerg/Via Biler,,Værløsehallerne 2-5,3-6,3-9,,
2020,1,1,-3,13240,Badmintonligaen,Grundspil,403305,3 10-11-2020,3,10-11-2020,ti 10‑11‑2020 19:00,Team Skælskør-Slagelse,Greve,,Skælskør Badminton Center,7-2,10-2,,
2020,1,1,-3,13240,Badmintonligaen,Grundspil,403306,3 10-11-2020,3,10-11-2020,sø 31‑01‑2021 14:00,Vendsyssel,Gentofte,,Arena Nord,4-5,5-7,,
2020,1,1,-3,13240,Badmintonligaen,Grundspil,403307,3 10-11-2020,3,10-11-2020,ti 10‑11‑2020 18:30,Solrød Strand,RSL ODENSE OBK,,Solrød Idrætscenter,9-0,12-0,,
2020,1,1,-3,13240,Badmintonligaen,Grundspil,403308,4 12-11-2020,4,12-11-2020,to 12‑11‑2020 18:30,Aarhus AB,Værløse,,Aarhus Badmintonhal,1-8,1-11,,
2020,1,1,-3,13240,Badmintonligaen,Grundspil,403309,4 12-11-2020,4,12-11-2020,to 12‑11‑2020 18:00,Højbjerg/Via Biler,Team Skælskør-Slagelse,,NES Arena,3-6,3-9,,
2020,1,1,-3,13240,Badmintonligaen,Grundspil,403310,4 12-11-2020,4,12-11-2020,to 04‑02‑2021 19:00,Greve,Vendsyssel,,Greve Idræts Center hal 1,3-6,3-9,,
2020,1,1,-3,13240,Badmintonligaen,Grundspil,403311,4 12-11-2020,4,12-11-2020,to 12‑11‑2020 19:00,Gentofte,Solrød Strand,,GBK Hallen 1-4,0-9,0-12,,
2020,1,1,-3,13240,Badmintonligaen,Grundspil,403312,4 12-11-2020,4,12-11-2020,to 12‑11‑2020 18:00,RSL ODENSE OBK,Skovshoved,,OBK-­hallen,5-4,7-5,,
2020,1,1,-3,13240,Badmintonligaen,Grundspil,403313,5 03-12-2020,5,03-12-2020,to 03‑12‑2020 19:00,Greve,Skovshoved,,Greve Idræts Center hal 1,4-5,5-7,,
2020,1,1,-3,13240,Badmintonligaen,Grundspil,403314,5 03-12-2020,5,03-12-2020,to 03‑12‑2020 18:30,Solrød Strand,Vendsyssel,,Solrød Idrætscenter,3-6,3-9,,
2020,1,1,-3,13240,Badmintonligaen,Grundspil,403315,5 03-12-2020,5,03-12-2020,to 03‑12‑2020 19:00,Team Skælskør-Slagelse,Værløse,,Skælskør Badminton Center,4-5,5-7,,
2020,1,1,-3,13240,Badmintonligaen,Grundspil,403316,5 03-12-2020,5,03-12-2020,to 03‑12‑2020 18:30,Aarhus AB,Gentofte,,Aarhus Badmintonhal,3-6,3-9,,
2020,1,1,-3,13240,Badmintonligaen,Grundspil,403317,5 03-12-2020,5,03-12-2020,to 03‑12‑2020 18:00,RSL ODENSE OBK,Højbjerg/Via Biler,,OBK-­hallen,2-7,2-10,,
2020,1,1,-3,13240,Badmintonligaen,Grundspil,403318,6 15-12-2020,6,15-12-2020,ti 15‑12‑2020 19:00,Gentofte,Værløse,,GBK Hallen 1-4,4-5,5-7,,
2020,1,1,-3,13240,Badmintonligaen,Grundspil,403319,6 15-12-2020,6,15-12-2020,ti 15‑12‑2020 18:30,Aarhus AB,Team Skælskør-Slagelse,,Aarhus Badmintonhal,3-6,3-9,,
2020,1,1,-3,13240,Badmintonligaen,Grundspil,403320,6 15-12-2020,6,15-12-2020,ti 15‑12‑2020 18:30,Vendsyssel,Skovshoved,,Arena Nord,5-4,7-5,,
2020,1,1,-3,13240,Badmintonligaen,Grundspil,403321,6 15-12-2020,6,15-12-2020,ti 15‑12‑2020 18:00,Højbjerg/Via Biler,Solrød Strand,,NES Arena,5-4,7-5,,
2020,1,1,-3,13240,Badmintonligaen,Grundspil,403322,6 15-12-2020,6,15-12-2020,ti 15‑12‑2020 19:00,Greve,RSL ODENSE OBK,,Greve Idræts Center hal 1,3-6,3-9,,
2020,1,1,-3,13240,Badmintonligaen,Grundspil,403323,7 17-12-2020,7,17-12-2020,to 17‑12‑2020 18:30,Skovshoved,Højbjerg/Via Biler,,Krøyersvej,6-3,9-3,,
2020,1,1,-3,13240,Badmintonligaen,Grundspil,403324,7 17-12-2020,7,17-12-2020,to 17‑12‑2020 19:00,Værløse,Vendsyssel,,Værløsehallerne 2-5,4-5,5-7,,
2020,1,1,-3,13240,Badmintonligaen,Grundspil,403325,7 17-12-2020,7,17-12-2020,to 17‑12‑2020 19:00,Team Skælskør-Slagelse,Gentofte,,Skælskør Badminton Center,5-4,7-5,,
2020,1,1,-3,13240,Badmintonligaen,Grundspil,403326,7 17-12-2020,7,17-12-2020,to 17‑12‑2020 18:30,Solrød Strand,Greve,,Solrød Idrætscenter,4-5,5-7,,
2020,1,1,-3,13240,Badmintonligaen,Grundspil,403327,7 17-12-2020,7,17-12-2020,to 17‑12‑2020 18:00,RSL ODENSE OBK,Aarhus AB,,OBK-­hallen,7-2,10-2,,
2020,1,1,-3,13240,Badmintonligaen,Grundspil,385909,8 02-02-2021,8,02-02-2021,ti 02‑02‑2021 19:00,Greve,Højbjerg/Via Biler,,Greve Idræts Center hal 1,3-6,3-9,,
2020,1,1,-3,13240,Badmintonligaen,Grundspil,385910,8 02-02-2021,8,02-02-2021,ti 02‑02‑2021 19:00,Team Skælskør-Slagelse,Skovshoved,,Skælskør Badminton Center,5-4,7-5,,
2020,1,1,-3,13240,Badmintonligaen,Grundspil,385911,8 02-02-2021,8,02-02-2021,ti 02‑02‑2021 18:30,Aarhus AB,Vendsyssel,,Aarhus Badmintonhal,0-9,0-12,,
2020,1,1,-3,13240,Badmintonligaen,Grundspil,385912,8 02-02-2021,8,02-02-2021,ti 02‑02‑2021 18:30,Solrød Strand,Værløse,,Solrød Idrætscenter Hal A,4-5,5-7,,
2020,1,1,-3,13240,Badmintonligaen,Grundspil,388136,8 02-02-2021,8,02-02-2021,ti 02‑02‑2021 18:00,RSL ODENSE OBK,Gentofte,,OBK-­hallen,3-6,3-9,,
2020,1,1,-3,13240,Badmintonligaen,Grundspil,385914,9 08-02-2021,9,08-02-2021,ma 08‑02‑2021 18:30,Skovshoved,Solrød Strand,,Krøyersvej,6-3,9-3,,
2020,1,1,-3,13240,Badmintonligaen,Grundspil,385915,9 08-02-2021,9,08-02-2021,ma 08‑02‑2021 18:30,Vendsyssel,Team Skælskør-Slagelse,,Arena Nord,6-3,9-3,,
2020,1,1,-3,13240,Badmintonligaen,Grundspil,385916,9 08-02-2021,9,08-02-2021,ma 08‑02‑2021 18:00,Højbjerg/Via Biler,Aarhus AB,,NES Arena,9-0,12-0,,
2020,1,1,-3,13240,Badmintonligaen,Grundspil,385918,9 08-02-2021,9,08-02-2021,ma 08‑02‑2021 18:00,Gentofte,Greve,,GBK Hallen 1-4,4-5,5-7,,
2020,1,1,-3,13240,Badmintonligaen,Grundspil,388137,9 08-02-2021,9,08-02-2021,ma 08‑02‑2021 19:00,Værløse,RSL ODENSE OBK,,Værløsehallerne 2-5,8-1,11-1,,
2020,1,1,-3,13208,1. division,Pulje 1,385426,1 05-09-2020,1,05-09-2020,lø 05‑09‑2020 15:30,Skovshoved 2,Værløse 2,Skovshoved,Krøyersvej,7-2,10-2,,
2020,1,1,-3,13208,1. division,Pulje 1,385427,1 05-09-2020,1,05-09-2020,lø 05‑09‑2020 17:00,Aalborg Triton,Viby J,Aalborg Triton,Vester Mariendal Skole,5-4,7-5,,
2020,1,1,-3,13208,1. division,Pulje 1,385428,1 05-09-2020,1,05-09-2020,sø 06‑09‑2020 13:00,Kolding BK,Højbjerg 2,Kolding BK,Kolding Ketsjercenter,5-4,7-5,,
2020,1,1,-3,13208,1. division,Pulje 1,385429,1 05-09-2020,1,05-09-2020,lø 05‑09‑2020 17:00,Ikast,abc Aalborg,Ikast,Ikast Brande Arena 2-4,6-3,9-3,,
2020,1,1,-3,13208,1. division,Pulje 1,385430,2 19-09-2020,2,19-09-2020,lø 19‑09‑2020 16:00,Højbjerg 2,Skovshoved 2,Højbjerg,NES Arena,4-5,5-7,,
2020,1,1,-3,13208,1. division,Pulje 1,385431,2 19-09-2020,2,19-09-2020,lø 19‑09‑2020 15:30,abc Aalborg,Aalborg Triton,abc Aalborg,Mellervang­hallen 2-4,1-8,1-11,,
2020,1,1,-3,13208,1. division,Pulje 1,385432,2 19-09-2020,2,19-09-2020,sø 20‑09‑2020 12:30,Værløse 2,Kolding BK,Værløse,Værløsehallerne 2-4,1-8,1-11,,
2020,1,1,-3,13208,1. division,Pulje 1,385433,2 19-09-2020,2,19-09-2020,sø 20‑09‑2020 13:00,Viby J,Ikast,Viby J,Viby Badmintonhal,2-7,2-10,,
2020,1,1,-3,13208,1. division,Pulje 1,385434,3 03-10-2020,3,03-10-2020,lø 03‑10‑2020 15:00,Aalborg Triton,Skovshoved 2,Aalborg Triton,Vester Mariendal Skole,6-3,9-3,,
2020,1,1,-3,13208,1. division,Pulje 1,385435,3 03-10-2020,3,03-10-2020,lø 03‑10‑2020 16:30,Viby J,Værløse 2,Viby J,Viby Badmintonhal,3-6,3-9,,
2020,1,1,-3,13208,1. division,Pulje 1,385436,3 03-10-2020,3,03-10-2020,ti 29‑09‑2020 19:00,Ikast,Kolding BK,Ikast,Ikast Brande Arena 2-4,6-3,9-3,,
2020,1,1,-3,13208,1. division,Pulje 1,385437,3 03-10-2020,3,03-10-2020,lø 03‑10‑2020 15:30,abc Aalborg,Højbjerg 2,abc Aalborg,Mellervang­hallen 1-3,2-7,2-10,,
2020,1,1,-3,13208,1. division,Pulje 1,385438,4 24-10-2020,4,24-10-2020,lø 24‑10‑2020 14:00,Værløse 2,Aalborg Triton,Værløse,Værløsehallerne 2-4,2-7,2-10,,
2020,1,1,-3,13208,1. division,Pulje 1,385439,4 24-10-2020,4,24-10-2020,lø 24‑10‑2020 16:00,Kolding BK,Viby J,Kolding BK,Kolding Ketsjercenter,6-3,9-3,,
2020,1,1,-3,13208,1. division,Pulje 1,385440,4 24-10-2020,4,24-10-2020,lø 24‑10‑2020 16:00,Højbjerg 2,Ikast,Højbjerg,NES Arena,9-0,12-0,,
2020,1,1,-3,13208,1. division,Pulje 1,385441,4 24-10-2020,4,24-10-2020,lø 24‑10‑2020 16:30,Skovshoved 2,abc Aalborg,Skovshoved,Krøyersvej,8-1,11-1,,
2020,1,1,-3,13208,1. division,Pulje 1,405759,NY5 08-05-2021,,,(08‑05‑2021),abc Aalborg,Værløse 2,abc Aalborg,,-,-,,
2020,1,1,-3,13208,1. division,Pulje 1,405760,NY5 08-05-2021,,,(08‑05‑2021),Højbjerg 2,Viby J,Højbjerg,,-,-,,
2020,1,1,-3,13208,1. division,Pulje 1,405761,NY5 08-05-2021,,,(08‑05‑2021),Aalborg Triton,Kolding BK,Aalborg Triton,,-,-,,
2020,1,1,-3,13208,1. division,Pulje 1,405762,NY5 08-05-2021,,,lø 08‑05‑2021 14:00,Skovshoved 2,Ikast,Skovshoved,Krøyersvej,-,-,,
2020,1,1,-3,13208,1. division,Pulje 1,405763,NY6 29-05-2021,,,lø 29‑05‑2021 16:00,Kolding BK,Skovshoved 2,Kolding BK,Kolding Ketsjercenter,-,-,,
2020,1,1,-3,13208,1. division,Pulje 1,405764,NY6 29-05-2021,,,ma 24‑05‑2021 19:00,Ikast,Aalborg Triton,Ikast,Ikast Brande Arena 2-4,-,-,,
2020,1,1,-3,13208,1. division,Pulje 1,405765,NY6 29-05-2021,,,(29‑05‑2021),Værløse 2,Højbjerg 2,Værløse,,-,-,,
2020,1,1,-3,13208,1. division,Pulje 1,405766,NY6 29-05-2021,,,lø 29‑05‑2021 16:30,Viby J,abc Aalborg,Viby J,Viby Badmintonhal,-,-,,
2020,1,1,-3,13208,1. division,Pulje 1,405767,NY7 02-06-2021,,,to 03‑06‑2021 19:00,Viby J,Skovshoved 2,Viby J,Viby Badmintonhal,-,-,,
2020,1,1,-3,13208,1. division,Pulje 1,405768,NY7 02-06-2021,,,ti 01‑06‑2021 19:00,Ikast,Værløse 2,Ikast,Ikast Brande Arena 2-4,-,-,,
2020,1,1,-3,13208,1. division,Pulje 1,405769,NY7 02-06-2021,,,(02‑06‑2021),abc Aalborg,Kolding BK,abc Aalborg,,-,-,,
2020,1,1,-3,13208,1. division,Pulje 1,405770,NY7 02-06-2021,,,(02‑06‑2021),Aalborg Triton,Højbjerg 2,Aalborg Triton,,-,-,,
2020,1,1,-3,13209,1. division,Pulje 2,385454,1 05-09-2020,1,05-09-2020,sø 06‑09‑2020 14:00,Lillerød,Hillerød,Lillerød,"Lillerød-Hallerne, Hal 1 3-3",9-0,12-0,,
2020,1,1,-3,13209,1. division,Pulje 2,385455,1 05-09-2020,1,05-09-2020,lø 05‑09‑2020 13:30,Hvidovre,KMB2010,Hvidovre,HBC-Hallen 2-4,6-3,9-3,,
2020,1,1,-3,13209,1. division,Pulje 2,385456,1 05-09-2020,1,05-09-2020,lø 05‑09‑2020 13:00,Solrød Strand 2,Greve 2,Solrød Strand,Solrød Idrætscenter Hal A 1-3,7-2,10-2,,
2020,1,1,-3,13209,1. division,Pulje 2,385457,1 05-09-2020,1,05-09-2020,lø 05‑09‑2020 13:30,Holte,Lyngby,Holte,Holte Hal 1 1-3,6-3,9-3,,
2020,1,1,-3,13209,1. division,Pulje 2,385458,2 19-09-2020,2,19-09-2020,to 22‑10‑2020 19:00,Greve 2,Lillerød,Greve,Greve Idræts Center hal 2,3-6,3-9,,
2020,1,1,-3,13209,1. division,Pulje 2,385459,2 19-09-2020,2,19-09-2020,lø 19‑09‑2020 11:30,Lyngby,Hvidovre,Lyngby,Engelsborg Hallen,2-7,2-10,,
2020,1,1,-3,13209,1. division,Pulje 2,385460,2 19-09-2020,2,19-09-2020,lø 19‑09‑2020 14:00,Hillerød,Solrød Strand 2,Hillerød,Hillerød Badmintonklub 5-7,2-7,2-10,,
2020,1,1,-3,13209,1. division,Pulje 2,385461,2 19-09-2020,2,19-09-2020,lø 19‑09‑2020 13:00,KMB2010,Holte,KMB2010,KMB-Hallen 6-8,6-3,9-3,,
2020,1,1,-3,13209,1. division,Pulje 2,385462,3 03-10-2020,3,03-10-2020,lø 03‑10‑2020 13:30,Hvidovre,Lillerød,Hvidovre,HBC-Hallen 2-4,5-4,7-5,,
2020,1,1,-3,13209,1. division,Pulje 2,385463,3 03-10-2020,3,03-10-2020,lø 03‑10‑2020 13:00,KMB2010,Hillerød,KMB2010,KMB-Hallen 6-8,7-2,10-2,,
2020,1,1,-3,13209,1. division,Pulje 2,385464,3 03-10-2020,3,03-10-2020,lø 03‑10‑2020 14:00,Holte,Solrød Strand 2,Holte,Holte Hal 1 1-3,1-8,1-11,,
2020,1,1,-3,13209,1. division,Pulje 2,385465,3 03-10-2020,3,03-10-2020,lø 03‑10‑2020 15:30,Lyngby,Greve 2,Lyngby,Engelsborg Hallen,5-4,7-5,,
2020,1,1,-3,13209,1. division,Pulje 2,385466,4 24-10-2020,4,24-10-2020,lø 24‑10‑2020 16:00,Hillerød,Hvidovre,Hillerød,Hillerød Badmintonklub 5-7,0-9,0-12,,
2020,1,1,-3,13209,1. division,Pulje 2,385467,4 24-10-2020,4,24-10-2020,lø 24‑10‑2020 13:00,Solrød Strand 2,KMB2010,Solrød Strand,Solrød Idrætscenter Hal A 1-3,5-4,7-5,,
2020,1,1,-3,13209,1. division,Pulje 2,385468,4 24-10-2020,4,24-10-2020,lø 24‑10‑2020 15:00,Greve 2,Holte,Greve,Greve Idræts Center hal 2,6-3,9-3,,
2020,1,1,-3,13209,1. division,Pulje 2,385469,4 24-10-2020,4,24-10-2020,lø 24‑10‑2020 14:00,Lillerød,Lyngby,Lillerød,"Lillerød-Hallerne, Hal 1 3-3",6-3,9-3,,
2020,1,1,-3,13209,1. division,Pulje 2,405747,NY5 08-05-2021,,,lø 08‑05‑2021 11:30,Lyngby,Hillerød,Lyngby,Engelsborg Hallen,-,-,,
2020,1,1,-3,13209,1. division,Pulje 2,405748,NY5 08-05-2021,,,lø 08‑05‑2021 16:00,Greve 2,KMB2010,Greve,Greve Idræts Center hal 2,-,-,,
2020,1,1,-3,13209,1. division,Pulje 2,405749,NY5 08-05-2021,,,(08‑05‑2021),Hvidovre,Solrød Strand 2,Hvidovre,,-,-,,
2020,1,1,-3,13209,1. division,Pulje 2,405750,NY5 08-05-2021,,,lø 08‑05‑2021 16:30,Lillerød,Holte,Lillerød,"Lillerød-Hallerne, Hal 1 3-3",-,-,,
2020,1,1,-3,13209,1. division,Pulje 2,405751,NY6 29-05-2021,,,lø 29‑05‑2021 13:00,Solrød Strand 2,Lillerød,Solrød Strand,Solrød Idrætscenter Hal B,-,-,,
2020,1,1,-3,13209,1. division,Pulje 2,405752,NY6 29-05-2021,,,(29‑05‑2021),Holte,Hvidovre,Holte,,-,-,,
2020,1,1,-3,13209,1. division,Pulje 2,405753,NY6 29-05-2021,,,lø 29‑05‑2021 14:00,Hillerød,Greve 2,Hillerød,Hillerød Badmintonklub 5-7,-,-,,
2020,1,1,-3,13209,1. division,Pulje 2,405754,NY6 29-05-2021,,,lø 29‑05‑2021 13:00,KMB2010,Lyngby,KMB2010,KMB-Hallen 6-8,-,-,,
2020,1,1,-3,13209,1. division,Pulje 2,405755,NY7 02-06-2021,,,ti 01‑06‑2021 19:00,KMB2010,Lillerød,KMB2010,KMB-Hallen 6-8,-,-,,
2020,1,1,-3,13209,1. division,Pulje 2,405756,NY7 02-06-2021,,,(02‑06‑2021),Holte,Hillerød,Holte,,-,-,,
2020,1,1,-3,13209,1. division,Pulje 2,405757,NY7 02-06-2021,,,on 02‑06‑2021 15:00,Lyngby,Solrød Strand 2,Lyngby,Engelsborg Hallen,-,-,,
2020,1,1,-3,13209,1. division,Pulje 2,405758,NY7 02-06-2021,,,(02‑06‑2021),Hvidovre,Greve 2,Hvidovre,,-,-,,
2020,1,1,-3,13212,2. division,Pulje 1,385482,1 05-09-2020,1,05-09-2020,lø 05‑09‑2020 13:00,Aabenraa,Kolding BK 2,Aabenraa,Arena Aabenraa,8-5,11-5,,
2020,1,1,-3,13212,2. division,Pulje 1,385483,1 05-09-2020,1,05-09-2020,lø 05‑09‑2020 13:00,Lillerød 2,Odense OBK 2,Lillerød,"Lillerød-Hallerne, Hal 1 3-3",5-8,5-11,,
2020,1,1,-3,13212,2. division,Pulje 1,385484,1 05-09-2020,1,05-09-2020,lø 05‑09‑2020 13:30,Aalborg Triton 2,Aarhus AB 2,Aalborg Triton,Vester Mariendal Skole,6-7,7-9,,
2020,1,1,-3,13212,2. division,Pulje 1,385485,1 05-09-2020,1,05-09-2020,lø 05‑09‑2020 13:00,Ikast 2,Højbjerg 3,Ikast,Ikast Brande Arena 1-3,6-7,7-9,,
2020,1,1,-3,13212,2. division,Pulje 1,385486,2 19-09-2020,2,19-09-2020,lø 19‑09‑2020 14:00,Aarhus AB 2,Aabenraa,Aarhus AB,Aarhus Badmintonhal,9-4,12-4,,
2020,1,1,-3,13212,2. division,Pulje 1,385487,2 19-09-2020,2,19-09-2020,ti 13‑10‑2020 18:30,Højbjerg 3,Lillerød 2,Højbjerg,NES Arena,9-4,12-4,,
2020,1,1,-3,13212,2. division,Pulje 1,385488,2 19-09-2020,2,19-09-2020,lø 19‑09‑2020 12:00,Kolding BK 2,Aalborg Triton 2,Kolding BK,Kolding Ketsjercenter,5-8,5-11,,
2020,1,1,-3,13212,2. division,Pulje 1,385489,2 19-09-2020,2,19-09-2020,lø 19‑09‑2020 16:30,Odense OBK 2,Ikast 2,Odense OBK,OBK-­hallen,12-1,15-1,,
2020,1,1,-3,13212,2. division,Pulje 1,385490,3 03-10-2020,3,03-10-2020,lø 03‑10‑2020 13:00,Lillerød 2,Aabenraa,Lillerød,"Lillerød-Hallerne, Hal 1 3-3",8-5,11-5,,
2020,1,1,-3,13212,2. division,Pulje 1,385491,3 03-10-2020,3,03-10-2020,lø 03‑10‑2020 16:30,Odense OBK 2,Kolding BK 2,Odense OBK,OBK-­hallen,12-1,15-1,,
2020,1,1,-3,13212,2. division,Pulje 1,385492,3 03-10-2020,3,03-10-2020,lø 03‑10‑2020 14:00,Ikast 2,Aalborg Triton 2,Ikast,Ikast Brande Arena 2-4,6-7,7-9,,
2020,1,1,-3,13212,2. division,Pulje 1,385493,3 03-10-2020,3,03-10-2020,lø 03‑10‑2020 16:00,Højbjerg 3,Aarhus AB 2,Højbjerg,NES Arena,6-7,7-9,,
2020,1,1,-3,13212,2. division,Pulje 1,385494,4 24-10-2020,4,24-10-2020,lø 24‑10‑2020 12:00,Kolding BK 2,Lillerød 2,Kolding BK,Kolding Ketsjercenter,4-9,4-12,,
2020,1,1,-3,13212,2. division,Pulje 1,385495,4 24-10-2020,4,24-10-2020,lø 24‑10‑2020 14:00,Aalborg Triton 2,Odense OBK 2,Aalborg Triton,Vester Mariendal Skole,10-3,13-3,,
2020,1,1,-3,13212,2. division,Pulje 1,385496,4 24-10-2020,4,24-10-2020,lø 24‑10‑2020 13:00,Aarhus AB 2,Ikast 2,Aarhus AB,Aarhus Badmintonhal,10-3,13-3,,
2020,1,1,-3,13212,2. division,Pulje 1,385497,4 24-10-2020,4,24-10-2020,lø 24‑10‑2020 13:00,Aabenraa,Højbjerg 3,Aabenraa,Arena Aabenraa,6-7,7-9,,
2020,1,1,-3,13212,2. division,Pulje 1,405735,NY5 08-05-2021,,,(08‑05‑2021),Højbjerg 3,Kolding BK 2,Højbjerg,,-,-,,
2020,1,1,-3,13212,2. division,Pulje 1,405736,NY5 08-05-2021,,,lø 08‑05‑2021 15:00,Aarhus AB 2,Odense OBK 2,Aarhus AB,Aarhus Badmintonhal,-,-,,
2020,1,1,-3,13212,2. division,Pulje 1,405737,NY5 08-05-2021,,,lø 08‑05‑2021 12:00,Lillerød 2,Aalborg Triton 2,Lillerød,"Lillerød-Hallerne, Hal 1 3-3",-,-,,
2020,1,1,-3,13212,2. division,Pulje 1,405738,NY5 08-05-2021,,,lø 08‑05‑2021 13:00,Aabenraa,Ikast 2,Aabenraa,Arena Aabenraa,-,-,,
2020,1,1,-3,13212,2. division,Pulje 1,405739,NY6 29-05-2021,,,(29‑05‑2021),Aalborg Triton 2,Aabenraa,Aalborg Triton,,-,-,,
2020,1,1,-3,13212,2. division,Pulje 1,405740,NY6 29-05-2021,,,lø 29‑05‑2021 11:00,Ikast 2,Lillerød 2,Ikast,Ikast Brande Arena,-,-,,
2020,1,1,-3,13212,2. division,Pulje 1,405741,NY6 29-05-2021,,,lø 29‑05‑2021 12:00,Kolding BK 2,Aarhus AB 2,Kolding BK,Kolding Ketsjercenter,-,-,,
2020,1,1,-3,13212,2. division,Pulje 1,405742,NY6 29-05-2021,,,(29‑05‑2021),Odense OBK 2,Højbjerg 3,Odense OBK,,-,-,,
2020,1,1,-3,13212,2. division,Pulje 1,405743,NY7 02-06-2021,,,(02‑06‑2021),Odense OBK 2,Aabenraa,Odense OBK,,-,-,,
2020,1,1,-3,13212,2. division,Pulje 1,405744,NY7 02-06-2021,,,to 03‑06‑2021 19:00,Ikast 2,Kolding BK 2,Ikast,Ikast Brande Arena 2-4,-,-,,
2020,1,1,-3,13212,2. division,Pulje 1,405745,NY7 02-06-2021,,,(02‑06‑2021),Højbjerg 3,Aalborg Triton 2,Højbjerg,,-,-,,
2020,1,1,-3,13212,2. division,Pulje 1,405746,NY7 02-06-2021,,,to 03‑06‑2021 19:00,Lillerød 2,Aarhus AB 2,Lillerød,"Lillerød-Hallerne, Hal 1 3-3",-,-,,
2020,1,1,-3,13213,2. division,Pulje 2,385510,1 05-09-2020,1,05-09-2020,lø 05‑09‑2020 12:00,Skovshoved 3,Gentofte 2,Skovshoved,Krøyersvej 1-3,3-10,3-13,,
2020,1,1,-3,13213,2. division,Pulje 2,385511,1 05-09-2020,1,05-09-2020,lø 05‑09‑2020 16:00,KBK Kbh.,Værløse 3,KBK Kbh.,KBK-Hallen,13-0,16-0,,
2020,1,1,-3,13213,2. division,Pulje 2,385512,1 05-09-2020,1,05-09-2020,lø 05‑09‑2020 13:00,Solrød Strand 3,Holbæk,Solrød Strand,Solrød Idrætscenter Hal A 4-6,5-8,5-11,,
2020,1,1,-3,13213,2. division,Pulje 2,385513,1 05-09-2020,1,05-09-2020,lø 05‑09‑2020 15:00,Karlslunde,Greve 3,Karlslunde,Karlslunde Idrætscenter hal 2 2-5,12-1,15-1,,
2020,1,1,-3,13213,2. division,Pulje 2,385514,2 19-09-2020,2,19-09-2020,lø 19‑09‑2020 16:00,Holbæk,Skovshoved 3,Holbæk,Holbæk Sportsby 1-4,8-5,11-5,,
2020,1,1,-3,13213,2. division,Pulje 2,385515,2 19-09-2020,2,19-09-2020,lø 19‑09‑2020 16:00,Greve 3,KBK Kbh.,Greve,Greve Idræts Center hal 2,0-13,0-16,,
2020,1,1,-3,13213,2. division,Pulje 2,385516,2 19-09-2020,2,19-09-2020,lø 19‑09‑2020 11:00,Gentofte 2,Solrød Strand 3,Gentofte,GBK Hallen 1-4,8-5,11-5,,
2020,1,1,-3,13213,2. division,Pulje 2,385517,2 19-09-2020,2,19-09-2020,lø 19‑09‑2020 14:00,Værløse 3,Karlslunde,Værløse,Værløsehallerne 1-3,3-10,3-13,,
2020,1,1,-3,13213,2. division,Pulje 2,385518,3 03-10-2020,3,03-10-2020,lø 03‑10‑2020 16:00,KBK Kbh.,Skovshoved 3,KBK Kbh.,KBK-Hallen,9-4,12-4,,
2020,1,1,-3,13213,2. division,Pulje 2,385519,3 03-10-2020,3,03-10-2020,lø 03‑10‑2020 14:00,Værløse 3,Gentofte 2,Værløse,Værløsehallerne 1-3,2-11,2-14,,
2020,1,1,-3,13213,2. division,Pulje 2,385520,3 03-10-2020,3,03-10-2020,lø 03‑10‑2020 16:00,Karlslunde,Solrød Strand 3,Karlslunde,Karlslunde Idrætscenter hal 2 4-6,7-6,9-7,,
2020,1,1,-3,13213,2. division,Pulje 2,385521,3 03-10-2020,3,03-10-2020,lø 03‑10‑2020 16:00,Greve 3,Holbæk,Greve,Greve Idræts Center hal 2,2-11,2-14,,
2020,1,1,-3,13213,2. division,Pulje 2,385522,4 24-10-2020,4,24-10-2020,lø 24‑10‑2020 11:00,Gentofte 2,KBK Kbh.,Gentofte,GBK Hallen 1-4,5-8,5-11,,
2020,1,1,-3,13213,2. division,Pulje 2,385523,4 24-10-2020,4,24-10-2020,lø 24‑10‑2020 13:00,Solrød Strand 3,Værløse 3,Solrød Strand,Solrød Idrætscenter Hal A 4-6,10-3,13-3,,
2020,1,1,-3,13213,2. division,Pulje 2,385524,4 24-10-2020,4,24-10-2020,lø 24‑10‑2020 16:00,Holbæk,Karlslunde,Holbæk,Holbæk Sportsby 1-4,5-8,5-11,,
2020,1,1,-3,13213,2. division,Pulje 2,385525,4 24-10-2020,4,24-10-2020,lø 24‑10‑2020 12:00,Skovshoved 3,Greve 3,Skovshoved,Krøyersvej 1-3,13-0,16-0,,
2020,1,1,-3,13213,2. division,Pulje 2,405723,NY5 08-05-2021,,,lø 08‑05‑2021 16:00,Greve 3,Gentofte 2,Greve,Greve Idræts Center hal 2,-,-,,
2020,1,1,-3,13213,2. division,Pulje 2,405724,NY5 08-05-2021,,,lø 08‑05‑2021 16:00,Holbæk,Værløse 3,Holbæk,Holbæk Sportsby 1-4,-,-,,
2020,1,1,-3,13213,2. division,Pulje 2,405725,NY5 08-05-2021,,,lø 08‑05‑2021 16:00,KBK Kbh.,Solrød Strand 3,KBK Kbh.,KBK-Hallen 2-4,-,-,,
2020,1,1,-3,13213,2. division,Pulje 2,405726,NY5 08-05-2021,,,lø 08‑05‑2021 17:00,Skovshoved 3,Karlslunde,Skovshoved,Krøyersvej,-,-,,
2020,1,1,-3,13213,2. division,Pulje 2,405727,NY6 29-05-2021,,,lø 29‑05‑2021 16:30,Solrød Strand 3,Skovshoved 3,Solrød Strand,Solrød Idrætscenter Hal B,-,-,,
2020,1,1,-3,13213,2. division,Pulje 2,405728,NY6 29-05-2021,,,lø 29‑05‑2021 15:00,Karlslunde,KBK Kbh.,Karlslunde,Karlslunde Idrætscenter hal 2,-,-,,
2020,1,1,-3,13213,2. division,Pulje 2,405729,NY6 29-05-2021,,,lø 29‑05‑2021 12:00,Gentofte 2,Holbæk,Gentofte,GBK Hallen 1-4,-,-,,
2020,1,1,-3,13213,2. division,Pulje 2,405730,NY6 29-05-2021,,,(29‑05‑2021),Værløse 3,Greve 3,Værløse,,-,-,,
2020,1,1,-3,13213,2. division,Pulje 2,405731,NY7 02-06-2021,,,(02‑06‑2021),Værløse 3,Skovshoved 3,Værløse,,-,-,,
2020,1,1,-3,13213,2. division,Pulje 2,405732,NY7 02-06-2021,,,ti 01‑06‑2021 19:00,Karlslunde,Gentofte 2,Karlslunde,Karlslunde Idrætscenter hal 2,-,-,,
2020,1,1,-3,13213,2. division,Pulje 2,405733,NY7 02-06-2021,,,ti 01‑06‑2021 19:00,Greve 3,Solrød Strand 3,Greve,Greve Idræts Center hal 2,-,-,,
2020,1,1,-3,13213,2. division,Pulje 2,405734,NY7 02-06-2021,,,to 03‑06‑2021 19:00,KBK Kbh.,Holbæk,KBK Kbh.,KBK-Hallen 2-4,-,-,,
2020,1,1,-3,13216,3. division,Pulje 1,385538,1 05-09-2020,1,05-09-2020,lø 05‑09‑2020 13:00,Skovbakken,Team Favrskov,Skovbakken,Annex­hallen,8-5,11-5,,
2020,1,1,-3,13216,3. division,Pulje 1,385539,1 05-09-2020,1,05-09-2020,lø 05‑09‑2020 14:30,Vendsyssel 2,Viby J 2,Vendsyssel,Hjørring Badmintonhal 1-3,9-4,12-4,,
2020,1,1,-3,13216,3. division,Pulje 1,385540,1 05-09-2020,1,05-09-2020,lø 05‑09‑2020 13:00,Ikast 3,Højbjerg 4,Ikast,Ikast Brande Arena 4-6,7-6,9-7,,
2020,1,1,-3,13216,3. division,Pulje 1,385541,1 05-09-2020,1,05-09-2020,lø 05‑09‑2020 15:00,Gug,abc Aalborg 2,Gug,Gug Hallen,2-11,2-14,,
2020,1,1,-3,13216,3. division,Pulje 1,385542,2 19-09-2020,2,19-09-2020,lø 19‑09‑2020 16:00,Højbjerg 4,Skovbakken,Højbjerg,NES Arena,4-9,4-12,,
2020,1,1,-3,13216,3. division,Pulje 1,385543,2 19-09-2020,2,19-09-2020,lø 19‑09‑2020 11:00,abc Aalborg 2,Vendsyssel 2,abc Aalborg,Mellervang­hallen 1-3,8-5,11-5,,
2020,1,1,-3,13216,3. division,Pulje 1,385544,2 19-09-2020,2,19-09-2020,lø 19‑09‑2020 15:00,Team Favrskov,Ikast 3,Team Favrskov,Rønbæk­hallen,9-4,12-4,,
2020,1,1,-3,13216,3. division,Pulje 1,385545,2 19-09-2020,2,19-09-2020,lø 19‑09‑2020 16:00,Viby J 2,Gug,Viby J,Viby Badmintonhal,11-2,14-2,,
2020,1,1,-3,13216,3. division,Pulje 1,385546,3 03-10-2020,3,03-10-2020,sø 04‑10‑2020 14:30,Vendsyssel 2,Skovbakken,Vendsyssel,"Badminton­hallen, Frederikshavn 1-3",4-9,4-12,,
2020,1,1,-3,13216,3. division,Pulje 1,385547,3 03-10-2020,3,03-10-2020,lø 03‑10‑2020 12:30,Viby J 2,Team Favrskov,Viby J,Viby Badmintonhal,8-5,11-5,,
2020,1,1,-3,13216,3. division,Pulje 1,385548,3 03-10-2020,3,03-10-2020,lø 03‑10‑2020 15:00,Gug,Ikast 3,Gug,Gug Hallen,8-5,11-5,,
2020,1,1,-3,13216,3. division,Pulje 1,385549,3 03-10-2020,3,03-10-2020,lø 03‑10‑2020 15:30,abc Aalborg 2,Højbjerg 4,abc Aalborg,Mellervang­hallen 4-6,8-5,11-5,,
2020,1,1,-3,13216,3. division,Pulje 1,385550,4 24-10-2020,4,24-10-2020,lø 24‑10‑2020 15:00,Team Favrskov,Vendsyssel 2,Team Favrskov,Rønbæk­hallen,6-7,7-9,,
2020,1,1,-3,13216,3. division,Pulje 1,385551,4 24-10-2020,4,24-10-2020,lø 24‑10‑2020 14:00,Ikast 3,Viby J 2,Ikast,Ikast Brande Arena 2-4,5-8,5-11,,
2020,1,1,-3,13216,3. division,Pulje 1,385552,4 24-10-2020,4,24-10-2020,lø 24‑10‑2020 16:00,Højbjerg 4,Gug,Højbjerg,NES Arena,3-10,3-13,,
2020,1,1,-3,13216,3. division,Pulje 1,385553,4 24-10-2020,4,24-10-2020,lø 24‑10‑2020 13:00,Skovbakken,abc Aalborg 2,Skovbakken,Annex­hallen,8-5,11-5,,
2020,1,1,-3,13216,3. division,Pulje 1,405711,NY5 08-05-2021,,,(08‑05‑2021),abc Aalborg 2,Team Favrskov,abc Aalborg,,-,-,,
2020,1,1,-3,13216,3. division,Pulje 1,405712,NY5 08-05-2021,,,(08‑05‑2021),Højbjerg 4,Viby J 2,Højbjerg,,-,-,,
2020,1,1,-3,13216,3. division,Pulje 1,405713,NY5 08-05-2021,,,(08‑05‑2021),Vendsyssel 2,Ikast 3,Vendsyssel,,-,-,,
2020,1,1,-3,13216,3. division,Pulje 1,405714,NY5 08-05-2021,,,lø 08‑05‑2021 13:00,Skovbakken,Gug,Skovbakken,Annex­hallen,-,-,,
2020,1,1,-3,13216,3. division,Pulje 1,405715,NY6 29-05-2021,,,to 27‑05‑2021 19:00,Ikast 3,Skovbakken,Ikast,Ikast Brande Arena,-,-,,
2020,1,1,-3,13216,3. division,Pulje 1,405716,NY6 29-05-2021,,,(29‑05‑2021),Gug,Vendsyssel 2,Gug,,-,-,,
2020,1,1,-3,13216,3. division,Pulje 1,405717,NY6 29-05-2021,,,(29‑05‑2021),Team Favrskov,Højbjerg 4,Team Favrskov,,-,-,,
2020,1,1,-3,13216,3. division,Pulje 1,405718,NY6 29-05-2021,,,lø 29‑05‑2021 12:00,Viby J 2,abc Aalborg 2,Viby J,Viby Badmintonhal,-,-,,
2020,1,1,-3,13216,3. division,Pulje 1,405719,NY7 02-06-2021,,,ti 01‑06‑2021 19:00,Viby J 2,Skovbakken,Viby J,Viby Badmintonhal,-,-,,
2020,1,1,-3,13216,3. division,Pulje 1,405720,NY7 02-06-2021,,,(02‑06‑2021),Gug,Team Favrskov,Gug,,-,-,,
2020,1,1,-3,13216,3. division,Pulje 1,405721,NY7 02-06-2021,,,(02‑06‑2021),abc Aalborg 2,Ikast 3,abc Aalborg,,-,-,,
2020,1,1,-3,13216,3. division,Pulje 1,405722,NY7 02-06-2021,,,(02‑06‑2021),Vendsyssel 2,Højbjerg 4,Vendsyssel,,-,-,,
2020,1,1,-3,13217,3. division,Pulje 2,385566,1 05-09-2020,1,05-09-2020,lø 05‑09‑2020 16:00,Nr. Lyndelse,Team Fyn,Nr. Lyndelse,Carl Nielsen­hallen,6-7,7-9,,
2020,1,1,-3,13217,3. division,Pulje 2,385567,1 05-09-2020,1,05-09-2020,lø 05‑09‑2020 12:00,Dalum Hjallese BK,Badminton Esbjerg,Dalum Hjallese BK,Dalum­hallen,2-11,2-14,,
2020,1,1,-3,13217,3. division,Pulje 2,385568,1 05-09-2020,1,05-09-2020,fr 04‑09‑2020 19:15,Varde,Dybbøl,Varde,Jacobi Hallen,11-2,14-2,,
2020,1,1,-3,13217,3. division,Pulje 2,385569,1 05-09-2020,1,05-09-2020,ti 08‑09‑2020 19:00,Odense OBK 3,Slagelse,Odense OBK,OBK-­hallen,5-8,5-11,,
2020,1,1,-3,13217,3. division,Pulje 2,385570,2 19-09-2020,2,19-09-2020,lø 19‑09‑2020 15:00,Dybbøl,Nr. Lyndelse,Dybbøl,Skansehallerne (tidl. Dybbøl Hallen) 1-3,6-7,7-9,,
2020,1,1,-3,13217,3. division,Pulje 2,385571,2 19-09-2020,2,19-09-2020,lø 19‑09‑2020 13:00,Slagelse,Dalum Hjallese BK,Slagelse,Slagelse Hallen,13-0,16-0,,
2020,1,1,-3,13217,3. division,Pulje 2,385572,2 19-09-2020,2,19-09-2020,lø 19‑09‑2020 16:30,Team Fyn,Varde,Team Fyn,Langeskov Idrætscenter,11-2,14-2,,
2020,1,1,-3,13217,3. division,Pulje 2,385573,2 19-09-2020,2,19-09-2020,lø 19‑09‑2020 13:00,Badminton Esbjerg,Odense OBK 3,Badminton Esbjerg,Det Faglige Hus Badmintoncenter 4-6,7-6,9-7,,
2020,1,1,-3,13217,3. division,Pulje 2,385574,3 03-10-2020,3,03-10-2020,lø 03‑10‑2020 12:00,Dalum Hjallese BK,Nr. Lyndelse,Dalum Hjallese BK,Dalum­hallen,7-6,9-7,,
2020,1,1,-3,13217,3. division,Pulje 2,385575,3 03-10-2020,3,03-10-2020,lø 03‑10‑2020 13:00,Badminton Esbjerg,Team Fyn,Badminton Esbjerg,Det Faglige Hus Badmintoncenter 4-6,9-4,12-4,,
2020,1,1,-3,13217,3. division,Pulje 2,385576,3 03-10-2020,3,03-10-2020,lø 03‑10‑2020 16:30,Odense OBK 3,Varde,Odense OBK,OBK-­hallen,11-2,14-2,,
2020,1,1,-3,13217,3. division,Pulje 2,385577,3 03-10-2020,3,03-10-2020,lø 03‑10‑2020 13:00,Slagelse,Dybbøl,Slagelse,Slagelse Hallen,13-0,16-0,,
2020,1,1,-3,13217,3. division,Pulje 2,385578,4 24-10-2020,4,24-10-2020,lø 24‑10‑2020 16:00,Team Fyn,Dalum Hjallese BK,Team Fyn,Langeskov Idrætscenter,11-2,14-2,,
2020,1,1,-3,13217,3. division,Pulje 2,385579,4 24-10-2020,4,24-10-2020,lø 24‑10‑2020 15:00,Varde,Badminton Esbjerg,Varde,Jacobi Hallen,5-8,5-11,,
2020,1,1,-3,13217,3. division,Pulje 2,385580,4 24-10-2020,4,24-10-2020,lø 24‑10‑2020 16:00,Dybbøl,Odense OBK 3,Dybbøl,Skansehallerne (tidl. Dybbøl Hallen),2-11,2-14,,
2020,1,1,-3,13217,3. division,Pulje 2,385581,4 24-10-2020,4,24-10-2020,lø 24‑10‑2020 16:00,Nr. Lyndelse,Slagelse,Nr. Lyndelse,Carl Nielsen­hallen,2-11,2-14,,
2020,1,1,-3,13217,3. division,Pulje 2,405699,NY5 08-05-2021,,,lø 08‑05‑2021 13:00,Slagelse,Team Fyn,Slagelse,Antvorskov­hallen,-,-,,
2020,1,1,-3,13217,3. division,Pulje 2,405700,NY5 08-05-2021,,,lø 08‑05‑2021 15:00,Dybbøl,Badminton Esbjerg,Dybbøl,Skansehallerne (tidl. Dybbøl Hallen),-,-,,
2020,1,1,-3,13217,3. division,Pulje 2,405701,NY5 08-05-2021,,,(08‑05‑2021),Dalum Hjallese BK,Varde,Dalum Hjallese BK,,-,-,,
2020,1,1,-3,13217,3. division,Pulje 2,405702,NY5 08-05-2021,,,(08‑05‑2021),Nr. Lyndelse,Odense OBK 3,Nr. Lyndelse,,-,-,,
2020,1,1,-3,13217,3. division,Pulje 2,405703,NY6 29-05-2021,,,(29‑05‑2021),Varde,Nr. Lyndelse,Varde,,-,-,,
2020,1,1,-3,13217,3. division,Pulje 2,405704,NY6 29-05-2021,,,(29‑05‑2021),Odense OBK 3,Dalum Hjallese BK,Odense OBK,,-,-,,
2020,1,1,-3,13217,3. division,Pulje 2,405705,NY6 29-05-2021,,,lø 29‑05‑2021 15:30,Team Fyn,Dybbøl,Team Fyn,Nr. Broby-­hallen,-,-,,
2020,1,1,-3,13217,3. division,Pulje 2,405706,NY6 29-05-2021,,,lø 29‑05‑2021 13:00,Badminton Esbjerg,Slagelse,Badminton Esbjerg,Det Faglige Hus Badmintoncenter,-,-,,
2020,1,1,-3,13217,3. division,Pulje 2,405707,NY7 02-06-2021,,,on 02‑06‑2021 19:00,Badminton Esbjerg,Nr. Lyndelse,Badminton Esbjerg,Det Faglige Hus Badmintoncenter,-,-,,
2020,1,1,-3,13217,3. division,Pulje 2,405708,NY7 02-06-2021,,,(02‑06‑2021),Odense OBK 3,Team Fyn,Odense OBK,,-,-,,
2020,1,1,-3,13217,3. division,Pulje 2,405709,NY7 02-06-2021,,,to 03‑06‑2021 19:00,Slagelse,Varde,Slagelse,Antvorskov­hallen,-,-,,
2020,1,1,-3,13217,3. division,Pulje 2,405710,NY7 02-06-2021,,,(02‑06‑2021),Dalum Hjallese BK,Dybbøl,Dalum Hjallese BK,,-,-,,
2020,1,1,-3,13218,3. division,Pulje 3,385594,1 05-09-2020,1,05-09-2020,lø 05‑09‑2020 12:00,Skovshoved 4,SAIF Kbh.,Skovshoved,Krøyersvej 4-6,5-8,5-11,,
2020,1,1,-3,13218,3. division,Pulje 3,385595,1 05-09-2020,1,05-09-2020,lø 05‑09‑2020 13:00,Lillerød 3,Drive,Lillerød,"Lillerød-Hallerne, Hal 1 3-3",0-13,0-16,,
2020,1,1,-3,13218,3. division,Pulje 3,385596,1 05-09-2020,1,05-09-2020,lø 05‑09‑2020 16:30,Charlottenlund,Badminton Roskilde,Charlottenlund,CBK-Hallen,12-1,15-1,,
2020,1,1,-3,13218,3. division,Pulje 3,385597,1 05-09-2020,1,05-09-2020,lø 05‑09‑2020 13:30,Holte 2,Lyngby 2,Holte,Holte Hal 1 4-6,6-7,7-9,,
2020,1,1,-3,13218,3. division,Pulje 3,385598,2 19-09-2020,2,19-09-2020,lø 19‑09‑2020 14:00,Badminton Roskilde,Skovshoved 4,Badminton Roskilde,HBH Hallen 1-3,11-2,14-2,,
2020,1,1,-3,13218,3. division,Pulje 3,385599,2 19-09-2020,2,19-09-2020,ti 06‑10‑2020 19:45,Lyngby 2,Lillerød 3,Lyngby,Engelsborg Hallen,12-1,15-1,,
2020,1,1,-3,13218,3. division,Pulje 3,385600,2 19-09-2020,2,19-09-2020,lø 19‑09‑2020 13:30,SAIF Kbh.,Charlottenlund,SAIF Kbh.,Valby hal 1,3-10,3-13,,
2020,1,1,-3,13218,3. division,Pulje 3,385601,2 19-09-2020,2,19-09-2020,lø 19‑09‑2020 16:00,Drive,Holte 2,Drive,Mariendals­hallen Hal A 1-3,12-1,15-1,,
2020,1,1,-3,13218,3. division,Pulje 3,385602,3 03-10-2020,3,03-10-2020,lø 03‑10‑2020 13:00,Lillerød 3,Skovshoved 4,Lillerød,"Lillerød-Hallerne, Hal 1 3-3",5-8,5-11,,
2020,1,1,-3,13218,3. division,Pulje 3,385603,3 03-10-2020,3,03-10-2020,lø 03‑10‑2020 16:00,Drive,SAIF Kbh.,Drive,Mariendals­hallen Hal A 1-3,10-3,13-3,,
2020,1,1,-3,13218,3. division,Pulje 3,385604,3 03-10-2020,3,03-10-2020,lø 03‑10‑2020 14:00,Holte 2,Charlottenlund,Holte,Holte Hal 1 4-6,5-8,5-11,,
2020,1,1,-3,13218,3. division,Pulje 3,385605,3 03-10-2020,3,03-10-2020,lø 03‑10‑2020 11:30,Lyngby 2,Badminton Roskilde,Lyngby,Engelsborg Hallen,9-4,12-4,,
2020,1,1,-3,13218,3. division,Pulje 3,385606,4 24-10-2020,4,24-10-2020,lø 24‑10‑2020 13:30,SAIF Kbh.,Lillerød 3,SAIF Kbh.,Valby hal 3,10-3,13-3,,
2020,1,1,-3,13218,3. division,Pulje 3,385607,4 24-10-2020,4,24-10-2020,lø 24‑10‑2020 15:00,Charlottenlund,Drive,Charlottenlund,CBK-Hallen,1-12,1-15,,
2020,1,1,-3,13218,3. division,Pulje 3,385608,4 24-10-2020,4,24-10-2020,lø 24‑10‑2020 14:00,Badminton Roskilde,Holte 2,Badminton Roskilde,HBH Hallen 1-3,10-3,13-3,,
2020,1,1,-3,13218,3. division,Pulje 3,385609,4 24-10-2020,4,24-10-2020,sø 25‑10‑2020 14:30,Skovshoved 4,Lyngby 2,Skovshoved,Krøyersvej 4-6,3-10,3-13,,
2020,1,1,-3,13218,3. division,Pulje 3,405687,NY5 08-05-2021,,,lø 08‑05‑2021 15:00,Lyngby 2,SAIF Kbh.,Lyngby,Engelsborg Hallen,-,-,,
2020,1,1,-3,13218,3. division,Pulje 3,405688,NY5 08-05-2021,,,lø 08‑05‑2021 14:00,Badminton Roskilde,Drive,Badminton Roskilde,HBH Hallen 1-3,-,-,,
2020,1,1,-3,13218,3. division,Pulje 3,405689,NY5 08-05-2021,,,lø 08‑05‑2021 12:00,Lillerød 3,Charlottenlund,Lillerød,"Lillerød-Hallerne, Hal 1 3-3",-,-,,
2020,1,1,-3,13218,3. division,Pulje 3,405690,NY5 08-05-2021,,,lø 08‑05‑2021 11:00,Skovshoved 4,Holte 2,Skovshoved,Krøyersvej,-,-,,
2020,1,1,-3,13218,3. division,Pulje 3,405691,NY6 29-05-2021,,,(29‑05‑2021),Charlottenlund,Skovshoved 4,Charlottenlund,,-,-,,
2020,1,1,-3,13218,3. division,Pulje 3,405692,NY6 29-05-2021,,,(29‑05‑2021),Holte 2,Lillerød 3,Holte,,-,-,,
2020,1,1,-3,13218,3. division,Pulje 3,405693,NY6 29-05-2021,,,(29‑05‑2021),SAIF Kbh.,Badminton Roskilde,SAIF Kbh.,,-,-,,
2020,1,1,-3,13218,3. division,Pulje 3,405694,NY6 29-05-2021,,,lø 29‑05‑2021 16:00,Drive,Lyngby 2,Drive,Mariendals­hallen Hal A 1-3,-,-,,
2020,1,1,-3,13218,3. division,Pulje 3,405695,NY7 02-06-2021,,,ti 01‑06‑2021 19:00,Drive,Skovshoved 4,Drive,Mariendals­hallen Hal A,-,-,,
2020,1,1,-3,13218,3. division,Pulje 3,405696,NY7 02-06-2021,,,(02‑06‑2021),Holte 2,SAIF Kbh.,Holte,,-,-,,
2020,1,1,-3,13218,3. division,Pulje 3,405697,NY7 02-06-2021,,,to 03‑06‑2021 19:00,Lyngby 2,Charlottenlund,Lyngby,Engelsborg Hallen,-,-,,
2020,1,1,-3,13218,3. division,Pulje 3,405698,NY7 02-06-2021,,,to 03‑06‑2021 19:00,Lillerød 3,Badminton Roskilde,Lillerød,"Lillerød-Hallerne, Hal 1 3-3",-,-,,
2020,1,1,-3,13219,3. division,Pulje 4,385734,1 05-09-2020,1,05-09-2020,lø 05‑09‑2020 17:00,Hvidovre 2,Gentofte 3,Hvidovre,HBC-Hallen 2-4,8-5,11-5,,
2020,1,1,-3,13219,3. division,Pulje 4,385735,1 05-09-2020,1,05-09-2020,lø 05‑09‑2020 13:00,Team Vejleå,Værløse 4,Team Vejleå,"Taastrup Idrætshaller, Hal A",6-7,7-9,,
2020,1,1,-3,13219,3. division,Pulje 4,385736,1 05-09-2020,1,05-09-2020,lø 05‑09‑2020 16:30,Solrød Strand 4,Holbæk 2,Solrød Strand,Solrød Idrætscenter Hal A 1-3,9-4,12-4,,
2020,1,1,-3,13219,3. division,Pulje 4,385737,1 05-09-2020,1,05-09-2020,lø 05‑09‑2020 15:00,Herlev Badminton,KMB2010 2,Herlev Badminton,Skinderskov­hallen 1-4,1-12,1-15,,
2020,1,1,-3,13219,3. division,Pulje 4,385738,2 19-09-2020,2,19-09-2020,lø 19‑09‑2020 13:00,Holbæk 2,Hvidovre 2,Holbæk,Holbæk Sportsby 1-4,0-13,0-16,,
2020,1,1,-3,13219,3. division,Pulje 4,385739,2 19-09-2020,2,19-09-2020,lø 19‑09‑2020 13:00,KMB2010 2,Team Vejleå,KMB2010,KMB-Hallen 1-5,13-0,16-0,,
2020,1,1,-3,13219,3. division,Pulje 4,385740,2 19-09-2020,2,19-09-2020,lø 19‑09‑2020 14:00,Gentofte 3,Solrød Strand 4,Gentofte,GBK Hallen 1-4,9-4,12-4,,
2020,1,1,-3,13219,3. division,Pulje 4,385741,2 19-09-2020,2,19-09-2020,lø 19‑09‑2020 14:00,Værløse 4,Herlev Badminton,Værløse,Værløsehallerne 5-7,3-10,3-13,,
2020,1,1,-3,13219,3. division,Pulje 4,385742,3 03-10-2020,3,03-10-2020,lø 03‑10‑2020 15:30,Team Vejleå,Hvidovre 2,Team Vejleå,"Taastrup Idrætshaller, Hal A",1-12,1-15,,
2020,1,1,-3,13219,3. division,Pulje 4,385743,3 03-10-2020,3,03-10-2020,lø 03‑10‑2020 14:00,Værløse 4,Gentofte 3,Værløse,Værløsehallerne 5-7,1-12,1-15,,
2020,1,1,-3,13219,3. division,Pulje 4,385744,3 03-10-2020,3,03-10-2020,lø 03‑10‑2020 15:00,Herlev Badminton,Solrød Strand 4,Herlev Badminton,Skinderskov­hallen 1-4,4-9,4-12,,
2020,1,1,-3,13219,3. division,Pulje 4,385745,3 03-10-2020,3,03-10-2020,lø 03‑10‑2020 13:00,KMB2010 2,Holbæk 2,KMB2010,KMB-Hallen 1-5,13-0,16-0,,
2020,1,1,-3,13219,3. division,Pulje 4,385746,4 24-10-2020,4,24-10-2020,lø 24‑10‑2020 14:00,Gentofte 3,Team Vejleå,Gentofte,GBK Hallen 1-4,13-0,16-0,,
2020,1,1,-3,13219,3. division,Pulje 4,385747,4 24-10-2020,4,24-10-2020,lø 24‑10‑2020 16:30,Solrød Strand 4,Værløse 4,Solrød Strand,Solrød Idrætscenter Hal A 1-3,9-4,12-4,,
2020,1,1,-3,13219,3. division,Pulje 4,385748,4 24-10-2020,4,24-10-2020,lø 24‑10‑2020 13:00,Holbæk 2,Herlev Badminton,Holbæk,Holbæk Sportsby 1-4,2-11,2-14,,
2020,1,1,-3,13219,3. division,Pulje 4,385749,4 24-10-2020,4,24-10-2020,lø 24‑10‑2020 13:30,Hvidovre 2,KMB2010 2,Hvidovre,HBC-Hallen 2-4,4-9,4-12,,
2020,1,1,-3,13219,3. division,Pulje 4,405675,NY5 08-05-2021,,,lø 08‑05‑2021 13:00,KMB2010 2,Gentofte 3,KMB2010,KMB-Hallen 1-4,-,-,,
2020,1,1,-3,13219,3. division,Pulje 4,405676,NY5 08-05-2021,,,lø 08‑05‑2021 13:00,Holbæk 2,Værløse 4,Holbæk,Holbæk Sportsby 1-4,-,-,,
2020,1,1,-3,13219,3. division,Pulje 4,405677,NY5 08-05-2021,,,(08‑05‑2021),Team Vejleå,Solrød Strand 4,Team Vejleå,,-,-,,
2020,1,1,-3,13219,3. division,Pulje 4,405678,NY5 08-05-2021,,,(08‑05‑2021),Hvidovre 2,Herlev Badminton,Hvidovre,,-,-,,
2020,1,1,-3,13219,3. division,Pulje 4,405679,NY6 29-05-2021,,,sø 30‑05‑2021 14:00,Solrød Strand 4,Hvidovre 2,Solrød Strand,Havdrup­hallen,-,-,,
2020,1,1,-3,13219,3. division,Pulje 4,405680,NY6 29-05-2021,,,lø 29‑05‑2021 15:30,Herlev Badminton,Team Vejleå,Herlev Badminton,Skinderskov­hallen 1-4,-,-,,
2020,1,1,-3,13219,3. division,Pulje 4,405681,NY6 29-05-2021,,,lø 29‑05‑2021 14:00,Gentofte 3,Holbæk 2,Gentofte,GBK Hallen 7-10,-,-,,
2020,1,1,-3,13219,3. division,Pulje 4,405682,NY6 29-05-2021,,,(29‑05‑2021),Værløse 4,KMB2010 2,Værløse,,-,-,,
2020,1,1,-3,13219,3. division,Pulje 4,405683,NY7 02-06-2021,,,(02‑06‑2021),Værløse 4,Hvidovre 2,Værløse,,-,-,,
2020,1,1,-3,13219,3. division,Pulje 4,405684,NY7 02-06-2021,,,ti 01‑06‑2021 19:00,Herlev Badminton,Gentofte 3,Herlev Badminton,Skinderskov­hallen 1-4,-,-,,
2020,1,1,-3,13219,3. division,Pulje 4,405685,NY7 02-06-2021,,,to 03‑06‑2021 19:00,KMB2010 2,Solrød Strand 4,KMB2010,KMB-Hallen 1-4,-,-,,
2020,1,1,-3,13219,3. division,Pulje 4,405686,NY7 02-06-2021,,,(02‑06‑2021),Team Vejleå,Holbæk 2,Team Vejleå,,-,-,,
2020,1,1,-3,13224,Danmarksserien,Pulje 1,385622,1 05-09-2020,1,05-09-2020,lø 05‑09‑2020 13:00,Christiansbjerg,Viby J 3,Christiansbjerg,Christiansbjerg Hallen,2-11,2-14,,
2020,1,1,-3,13224,Danmarksserien,Pulje 1,385623,1 05-09-2020,1,05-09-2020,lø 05‑09‑2020 10:30,Aalborg Triton 3,Team Favrskov 2,Aalborg Triton,Vester Mariendal Skole,10-3,13-3,,
2020,1,1,-3,13224,Danmarksserien,Pulje 1,385624,1 05-09-2020,1,05-09-2020,lø 05‑09‑2020 15:00,Langhøj,Aarhus AB 3,Langhøj,Langhøj Hallen 1-3,10-3,13-3,,
2020,1,1,-3,13224,Danmarksserien,Pulje 1,385625,1 05-09-2020,1,05-09-2020,(05‑09‑2020),Skalborg SK,Brønderslev,Skalborg SK,,0-13,0-16,Afb.,
2020,1,1,-3,13224,Danmarksserien,Pulje 1,385626,2 19-09-2020,2,19-09-2020,lø 19‑09‑2020 14:00,Aarhus AB 3,Christiansbjerg,Aarhus AB,Aarhus Badmintonhal,12-1,15-1,,
2020,1,1,-3,13224,Danmarksserien,Pulje 1,385627,2 19-09-2020,2,19-09-2020,lø 19‑09‑2020 15:00,Brønderslev,Aalborg Triton 3,Brønderslev,Hedegårds­hallen 1-3,6-7,7-9,,
2020,1,1,-3,13224,Danmarksserien,Pulje 1,385628,2 19-09-2020,2,19-09-2020,lø 19‑09‑2020 16:00,Viby J 3,Langhøj,Viby J,Viby Badmintonhal,9-4,12-4,,
2020,1,1,-3,13224,Danmarksserien,Pulje 1,385629,2 19-09-2020,2,19-09-2020,(19‑09‑2020),Team Favrskov 2,Skalborg SK,Team Favrskov,,13-0,16-0,Afb.,
2020,1,1,-3,13224,Danmarksserien,Pulje 1,385630,3 03-10-2020,3,03-10-2020,lø 03‑10‑2020 11:00,Aalborg Triton 3,Christiansbjerg,Aalborg Triton,Vester Mariendal Skole,10-3,13-3,,
2020,1,1,-3,13224,Danmarksserien,Pulje 1,385631,3 03-10-2020,3,03-10-2020,lø 03‑10‑2020 15:00,Team Favrskov 2,Viby J 3,Team Favrskov,Rønbæk­hallen,2-11,2-14,,
2020,1,1,-3,13224,Danmarksserien,Pulje 1,385632,3 03-10-2020,3,03-10-2020,(03‑10‑2020),Skalborg SK,Langhøj,Skalborg SK,,0-13,0-16,Afb.,
2020,1,1,-3,13224,Danmarksserien,Pulje 1,385633,3 03-10-2020,3,03-10-2020,lø 03‑10‑2020 15:00,Brønderslev,Aarhus AB 3,Brønderslev,Hedegårds­hallen 1-3,6-7,7-9,,
2020,1,1,-3,13224,Danmarksserien,Pulje 1,385634,4 24-10-2020,4,24-10-2020,lø 24‑10‑2020 16:00,Viby J 3,Aalborg Triton 3,Viby J,Viby Badmintonhal,10-3,13-3,,
2020,1,1,-3,13224,Danmarksserien,Pulje 1,385635,4 24-10-2020,4,24-10-2020,lø 24‑10‑2020 16:30,Langhøj,Team Favrskov 2,Langhøj,Langhøj Hallen 1-3,8-5,11-5,,
2020,1,1,-3,13224,Danmarksserien,Pulje 1,385636,4 24-10-2020,4,24-10-2020,(24‑10‑2020),Aarhus AB 3,Skalborg SK,Aarhus AB,,13-0,16-0,Afb.,
2020,1,1,-3,13224,Danmarksserien,Pulje 1,385637,4 24-10-2020,4,24-10-2020,lø 24‑10‑2020 13:00,Christiansbjerg,Brønderslev,Christiansbjerg,Christiansbjerg Hallen,9-4,12-4,,
2020,1,1,-3,13224,Danmarksserien,Pulje 1,405663,NY5 08-05-2021,,,lø 08‑05‑2021 15:00,Brønderslev,Viby J 3,Brønderslev,Hedegårds­hallen,-,-,,
2020,1,1,-3,13224,Danmarksserien,Pulje 1,405664,NY5 08-05-2021,,,lø 08‑05‑2021 12:00,Aarhus AB 3,Team Favrskov 2,Aarhus AB,Aarhus Badmintonhal,-,-,,
2020,1,1,-3,13224,Danmarksserien,Pulje 1,405665,NY5 08-05-2021,,,(08‑05‑2021),Aalborg Triton 3,Langhøj,Aalborg Triton,,-,-,,
2020,1,1,-3,13224,Danmarksserien,Pulje 1,405666,NY5 08-05-2021,,,lø 08‑05‑2021 13:00,Christiansbjerg,Skalborg SK,Christiansbjerg,Christiansbjerg Hallen,-,-,,
2020,1,1,-3,13224,Danmarksserien,Pulje 1,405667,NY6 29-05-2021,,,(29‑05‑2021),Langhøj,Christiansbjerg,Langhøj,,-,-,,
2020,1,1,-3,13224,Danmarksserien,Pulje 1,405668,NY6 29-05-2021,,,(29‑05‑2021),Skalborg SK,Aalborg Triton 3,Skalborg SK,,-,-,,
2020,1,1,-3,13224,Danmarksserien,Pulje 1,405669,NY6 29-05-2021,,,ti 25‑05‑2021 19:00,Viby J 3,Aarhus AB 3,Viby J,Viby Badmintonhal,-,-,,
2020,1,1,-3,13224,Danmarksserien,Pulje 1,405670,NY6 29-05-2021,,,(29‑05‑2021),Team Favrskov 2,Brønderslev,Team Favrskov,,-,-,,
2020,1,1,-3,13224,Danmarksserien,Pulje 1,405671,NY7 02-06-2021,,,(02‑06‑2021),Team Favrskov 2,Christiansbjerg,Team Favrskov,,-,-,,
2020,1,1,-3,13224,Danmarksserien,Pulje 1,405672,NY7 02-06-2021,,,(02‑06‑2021),Skalborg SK,Viby J 3,Skalborg SK,,-,-,,
2020,1,1,-3,13224,Danmarksserien,Pulje 1,405673,NY7 02-06-2021,,,on 02‑06‑2021 18:30,Brønderslev,Langhøj,Brønderslev,Hedegårds­hallen,-,-,,
2020,1,1,-3,13224,Danmarksserien,Pulje 1,405674,NY7 02-06-2021,,,(02‑06‑2021),Aalborg Triton 3,Aarhus AB 3,Aalborg Triton,,-,-,,
2020,1,1,-3,13225,Danmarksserien,Pulje 2,385651,1 05-09-2020,1,05-09-2020,lø 05‑09‑2020 14:45,Herning,Skovbakken 3,Herning,Sportscenter Herning 2-4,9-4,12-4,,
2020,1,1,-3,13225,Danmarksserien,Pulje 2,385652,1 05-09-2020,1,05-09-2020,lø 05‑09‑2020 15:00,Randers BK,Skødstrup,Randers BK,Randers Badmintonhaller,12-1,15-1,,
2020,1,1,-3,13225,Danmarksserien,Pulje 2,385653,1 05-09-2020,1,05-09-2020,sø 06‑09‑2020 15:00,Vejlby IK,abc Aalborg 3,Vejlby IK,Vejlby Risskov Centeret,7-6,9-7,,
2020,1,1,-3,13225,Danmarksserien,Pulje 2,388120,1 05-09-2020,1,05-09-2020,lø 05‑09‑2020 12:00,Vendsyssel 3,Team Salling/Sabro,,Hjørring Badmintonhal 1-3,4-9,4-12,,
2020,1,1,-3,13225,Danmarksserien,Pulje 2,385655,2 19-09-2020,2,19-09-2020,lø 19‑09‑2020 11:00,abc Aalborg 3,Herning,abc Aalborg,Mellervang­hallen 4-6,4-9,4-12,,
2020,1,1,-3,13225,Danmarksserien,Pulje 2,385656,2 19-09-2020,2,19-09-2020,lø 19‑09‑2020 15:00,Team Salling/Sabro,Randers BK,Team Salling/Sabro,Sabro Hallen,8-5,11-5,,
2020,1,1,-3,13225,Danmarksserien,Pulje 2,385657,2 19-09-2020,2,19-09-2020,ma 21‑09‑2020 19:00,Skovbakken 3,Vejlby IK,Skovbakken,Annex­hallen,10-3,13-3,,
2020,1,1,-3,13225,Danmarksserien,Pulje 2,388121,2 19-09-2020,2,19-09-2020,lø 19‑09‑2020 14:00,Skødstrup,Vendsyssel 3,,Skødstrup­hallen,7-6,9-7,,
2020,1,1,-3,13225,Danmarksserien,Pulje 2,385659,3 03-10-2020,3,03-10-2020,lø 03‑10‑2020 13:00,Skovbakken 3,Team Salling/Sabro,Skovbakken,Annex­hallen,8-5,11-5,,
2020,1,1,-3,13225,Danmarksserien,Pulje 2,385660,3 03-10-2020,3,03-10-2020,lø 03‑10‑2020 16:00,Vejlby IK,Randers BK,Vejlby IK,Vejlby Risskov Centeret,6-7,7-9,,
2020,1,1,-3,13225,Danmarksserien,Pulje 2,385661,3 03-10-2020,3,03-10-2020,lø 03‑10‑2020 11:00,abc Aalborg 3,Skødstrup,abc Aalborg,Mellervang­hallen 1-3,9-4,12-4,,
2020,1,1,-3,13225,Danmarksserien,Pulje 2,388122,3 03-10-2020,3,03-10-2020,lø 03‑10‑2020 14:45,Herning,Vendsyssel 3,,Sportscenter Herning 2-4,11-2,14-2,,
2020,1,1,-3,13225,Danmarksserien,Pulje 2,385662,4 24-10-2020,4,24-10-2020,lø 24‑10‑2020 14:00,Team Salling/Sabro,Herning,Team Salling/Sabro,Resen Hallen,9-4,12-4,,
2020,1,1,-3,13225,Danmarksserien,Pulje 2,385663,4 24-10-2020,4,24-10-2020,lø 24‑10‑2020 15:00,Randers BK,Skovbakken 3,Randers BK,Randers Badmintonhaller,9-4,12-4,,
2020,1,1,-3,13225,Danmarksserien,Pulje 2,385664,4 24-10-2020,4,24-10-2020,lø 24‑10‑2020 14:00,Skødstrup,Vejlby IK,Skødstrup,Skødstrup­hallen,5-8,5-11,,
2020,1,1,-3,13225,Danmarksserien,Pulje 2,388123,4 24-10-2020,4,24-10-2020,lø 24‑10‑2020 14:30,Vendsyssel 3,abc Aalborg 3,,"Badminton­hallen, Frederikshavn",6-7,7-9,,
2020,1,1,-3,13225,Danmarksserien,Pulje 2,405651,NY5 08-05-2021,,,(08‑05‑2021),abc Aalborg 3,Team Salling/Sabro,abc Aalborg,,-,-,,
2020,1,1,-3,13225,Danmarksserien,Pulje 2,405652,NY5 08-05-2021,,,lø 08‑05‑2021 15:00,Skødstrup,Skovbakken 3,Skødstrup,Skødstrup­hallen,-,-,,
2020,1,1,-3,13225,Danmarksserien,Pulje 2,405653,NY5 08-05-2021,,,lø 08‑05‑2021 14:30,Herning,Randers BK,Herning,Sportscenter Herning 2-4,-,-,,
2020,1,1,-3,13225,Danmarksserien,Pulje 2,405654,NY5 08-05-2021,,,(08‑05‑2021),Vendsyssel 3,Vejlby IK,,,-,-,,
2020,1,1,-3,13225,Danmarksserien,Pulje 2,405655,NY6 29-05-2021,,,lø 29‑05‑2021 16:00,Vejlby IK,Herning,Vejlby IK,Vejlby Risskov Centeret,-,-,,
2020,1,1,-3,13225,Danmarksserien,Pulje 2,405656,NY6 29-05-2021,,,lø 29‑05‑2021 14:15,Team Salling/Sabro,Skødstrup,Team Salling/Sabro,Resen Hallen,-,-,,
2020,1,1,-3,13225,Danmarksserien,Pulje 2,405657,NY6 29-05-2021,,,lø 29‑05‑2021 13:00,Skovbakken 3,abc Aalborg 3,Skovbakken,Annex­hallen,-,-,,
2020,1,1,-3,13225,Danmarksserien,Pulje 2,405658,NY6 29-05-2021,,,sø 30‑05‑2021 11:00,Randers BK,Vendsyssel 3,,Randers Badmintonhaller 4-6,-,-,,
2020,1,1,-3,13225,Danmarksserien,Pulje 2,405659,NY7 02-06-2021,,,on 02‑06‑2021 19:00,Vejlby IK,Team Salling/Sabro,Vejlby IK,Vejlby Risskov Centeret,-,-,,
2020,1,1,-3,13225,Danmarksserien,Pulje 2,405660,NY7 02-06-2021,,,(02‑06‑2021),abc Aalborg 3,Randers BK,abc Aalborg,,-,-,,
2020,1,1,-3,13225,Danmarksserien,Pulje 2,405661,NY7 02-06-2021,,,ti 01‑06‑2021 19:30,Herning,Skødstrup,Herning,Sportscenter Herning 2-5,-,-,,
2020,1,1,-3,13225,Danmarksserien,Pulje 2,405662,NY7 02-06-2021,,,to 03‑06‑2021 19:00,Skovbakken 3,Vendsyssel 3,,Annex­hallen,-,-,,
2020,1,1,-3,13226,Danmarksserien,Pulje 3,385678,1 05-09-2020,1,05-09-2020,lø 05‑09‑2020 14:00,Middelfart,Viby J 4,Middelfart,Lillebælts hallerne,8-5,11-5,,
2020,1,1,-3,13226,Danmarksserien,Pulje 3,385679,1 05-09-2020,1,05-09-2020,lø 05‑09‑2020 13:00,Tarup-Pårup,Team Fyn 3,Tarup-Pårup,Pårup­hallen Hal 1,11-2,14-2,,
2020,1,1,-3,13226,Danmarksserien,Pulje 3,385680,1 05-09-2020,1,05-09-2020,lø 05‑09‑2020 15:30,Grindsted BK,Odense BK77,Grindsted BK,MAGION Hal 3,11-2,14-2,,
2020,1,1,-3,13226,Danmarksserien,Pulje 3,385681,1 05-09-2020,1,05-09-2020,lø 05‑09‑2020 12:00,Kolding BK 3,Horsens,Kolding BK,Kolding Ketsjercenter,3-10,3-13,,
2020,1,1,-3,13226,Danmarksserien,Pulje 3,385682,2 19-09-2020,2,19-09-2020,lø 19‑09‑2020 13:15,Odense BK77,Middelfart,Odense BK77,Hunderupskolen 1-3,1-12,1-15,,
2020,1,1,-3,13226,Danmarksserien,Pulje 3,385683,2 19-09-2020,2,19-09-2020,lø 19‑09‑2020 14:00,Horsens,Tarup-Pårup,Horsens,Horsens Badmintonhal,11-2,14-2,,
2020,1,1,-3,13226,Danmarksserien,Pulje 3,385684,2 19-09-2020,2,19-09-2020,lø 19‑09‑2020 12:30,Viby J 4,Grindsted BK,Viby J,Viby Badmintonhal,4-9,4-12,,
2020,1,1,-3,13226,Danmarksserien,Pulje 3,385685,2 19-09-2020,2,19-09-2020,lø 19‑09‑2020 13:00,Team Fyn 3,Kolding BK 3,Team Fyn,Langeskov Idrætscenter,1-12,1-15,,
2020,1,1,-3,13226,Danmarksserien,Pulje 3,385686,3 03-10-2020,3,03-10-2020,on 30‑09‑2020 19:00,Tarup-Pårup,Middelfart,Tarup-Pårup,Pårup­hallen Hal 1,7-6,9-7,,
2020,1,1,-3,13226,Danmarksserien,Pulje 3,385687,3 03-10-2020,3,03-10-2020,lø 03‑10‑2020 15:00,Team Fyn 3,Viby J 4,Team Fyn,Nr. Broby-­hallen,1-12,1-15,,
2020,1,1,-3,13226,Danmarksserien,Pulje 3,385688,3 03-10-2020,3,03-10-2020,lø 03‑10‑2020 12:00,Kolding BK 3,Grindsted BK,Kolding BK,Kolding Ketsjercenter,3-10,3-13,,
2020,1,1,-3,13226,Danmarksserien,Pulje 3,385689,3 03-10-2020,3,03-10-2020,lø 03‑10‑2020 14:00,Horsens,Odense BK77,Horsens,Horsens Badmintonhal,11-2,14-2,,
2020,1,1,-3,13226,Danmarksserien,Pulje 3,385690,4 24-10-2020,4,24-10-2020,lø 24‑10‑2020 16:00,Viby J 4,Tarup-Pårup,Viby J,Viby Badmintonhal,5-8,5-11,,
2020,1,1,-3,13226,Danmarksserien,Pulje 3,385691,4 24-10-2020,4,24-10-2020,lø 24‑10‑2020 15:30,Grindsted BK,Team Fyn 3,Grindsted BK,MAGION Hal 3,13-0,16-0,,
2020,1,1,-3,13226,Danmarksserien,Pulje 3,385692,4 24-10-2020,4,24-10-2020,lø 24‑10‑2020 13:15,Odense BK77,Kolding BK 3,Odense BK77,Hunderupskolen 1-3,5-8,5-11,,
2020,1,1,-3,13226,Danmarksserien,Pulje 3,385693,4 24-10-2020,4,24-10-2020,ma 19‑10‑2020 19:00,Middelfart,Horsens,Middelfart,Lillebælts hallerne,9-4,12-4,,
2020,1,1,-3,13226,Danmarksserien,Pulje 3,405639,NY5 08-05-2021,,,lø 08‑05‑2021 14:00,Horsens,Viby J 4,Horsens,Horsens Badmintonhal,-,-,,
2020,1,1,-3,13226,Danmarksserien,Pulje 3,405640,NY5 08-05-2021,,,(08‑05‑2021),Odense BK77,Team Fyn 3,Odense BK77,,-,-,,
2020,1,1,-3,13226,Danmarksserien,Pulje 3,405641,NY5 08-05-2021,,,lø 08‑05‑2021 13:00,Tarup-Pårup,Grindsted BK,Tarup-Pårup,Pårup­hallen Hal 1,-,-,,
2020,1,1,-3,13226,Danmarksserien,Pulje 3,405642,NY5 08-05-2021,,,on 05‑05‑2021 19:00,Middelfart,Kolding BK 3,Middelfart,Lillebælts hallerne,-,-,,
2020,1,1,-3,13226,Danmarksserien,Pulje 3,405643,NY6 29-05-2021,,,lø 29‑05‑2021 15:30,Grindsted BK,Middelfart,Grindsted BK,MAGION Hal 3,-,-,,
2020,1,1,-3,13226,Danmarksserien,Pulje 3,405644,NY6 29-05-2021,,,lø 29‑05‑2021 12:00,Kolding BK 3,Tarup-Pårup,Kolding BK,Kolding Ketsjercenter,-,-,,
2020,1,1,-3,13226,Danmarksserien,Pulje 3,405645,NY6 29-05-2021,,,lø 29‑05‑2021 12:00,Viby J 4,Odense BK77,Viby J,Viby Badmintonhal,-,-,,
2020,1,1,-3,13226,Danmarksserien,Pulje 3,405646,NY6 29-05-2021,,,lø 29‑05‑2021 12:30,Team Fyn 3,Horsens,Team Fyn,Nr. Broby-­hallen,-,-,,
2020,1,1,-3,13226,Danmarksserien,Pulje 3,405647,NY7 02-06-2021,,,ma 31‑05‑2021 19:00,Team Fyn 3,Middelfart,Team Fyn,Langeskov Idrætscenter,-,-,,
2020,1,1,-3,13226,Danmarksserien,Pulje 3,405648,NY7 02-06-2021,,,ti 01‑06‑2021 19:00,Kolding BK 3,Viby J 4,Kolding BK,Kolding Ketsjercenter,-,-,,
2020,1,1,-3,13226,Danmarksserien,Pulje 3,405649,NY7 02-06-2021,,,lø 29‑05‑2021 14:00,Horsens,Grindsted BK,Horsens,Horsens Badmintonhal,-,-,,
2020,1,1,-3,13226,Danmarksserien,Pulje 3,405650,NY7 02-06-2021,,,on 02‑06‑2021 19:30,Tarup-Pårup,Odense BK77,Tarup-Pårup,Pårup­hallen Hal 1,-,-,,
2020,1,1,-3,13227,Danmarksserien,Pulje 4,385706,1 05-09-2020,1,05-09-2020,lø 05‑09‑2020 12:00,Svendborg,Team Fyn 2,Svendborg,Svendborg Badmintonhal,9-4,12-4,,
2020,1,1,-3,13227,Danmarksserien,Pulje 4,385707,1 05-09-2020,1,05-09-2020,lø 05‑09‑2020 12:00,Dalum Hjallese BK 2,Vejle,Dalum Hjallese BK,Dalum­hallen,10-3,13-3,,
2020,1,1,-3,13227,Danmarksserien,Pulje 4,385708,1 05-09-2020,1,05-09-2020,lø 05‑09‑2020 13:00,Skovbakken 2,Silkeborg BK,Skovbakken,Annex­hallen,9-4,12-4,,
2020,1,1,-3,13227,Danmarksserien,Pulje 4,385709,1 05-09-2020,1,05-09-2020,lø 05‑09‑2020 13:00,Odense OBK 4,Bolbro,Odense OBK,OBK-­hallen,4-9,4-12,,
2020,1,1,-3,13227,Danmarksserien,Pulje 4,385710,2 19-09-2020,2,19-09-2020,lø 19‑09‑2020 15:00,Silkeborg BK,Svendborg,Silkeborg BK,Sydbyhallerne 1-3,8-5,11-5,,
2020,1,1,-3,13227,Danmarksserien,Pulje 4,385711,2 19-09-2020,2,19-09-2020,lø 19‑09‑2020 15:00,Bolbro,Dalum Hjallese BK 2,Bolbro,Bolbro Hallen,5-8,5-11,,
2020,1,1,-3,13227,Danmarksserien,Pulje 4,385712,2 19-09-2020,2,19-09-2020,lø 19‑09‑2020 16:30,Team Fyn 2,Skovbakken 2,Team Fyn,Langeskov Idrætscenter,0-13,0-16,,
2020,1,1,-3,13227,Danmarksserien,Pulje 4,385713,2 19-09-2020,2,19-09-2020,lø 19‑09‑2020 14:00,Vejle,Odense OBK 4,Vejle,Vejle Badmintonhal,3-10,3-13,,
2020,1,1,-3,13227,Danmarksserien,Pulje 4,385714,3 03-10-2020,3,03-10-2020,lø 03‑10‑2020 12:00,Dalum Hjallese BK 2,Svendborg,Dalum Hjallese BK,Dalum­hallen,5-8,5-11,,
2020,1,1,-3,13227,Danmarksserien,Pulje 4,385715,3 03-10-2020,3,03-10-2020,lø 03‑10‑2020 14:00,Vejle,Team Fyn 2,Vejle,Vejle Badmintonhal,3-10,3-13,,
2020,1,1,-3,13227,Danmarksserien,Pulje 4,385716,3 03-10-2020,3,03-10-2020,lø 03‑10‑2020 13:00,Odense OBK 4,Skovbakken 2,Odense OBK,OBK-­hallen,2-11,2-14,,
2020,1,1,-3,13227,Danmarksserien,Pulje 4,385717,3 03-10-2020,3,03-10-2020,sø 04‑10‑2020 15:00,Bolbro,Silkeborg BK,Bolbro,Bolbro Hallen,4-9,4-12,,
2020,1,1,-3,13227,Danmarksserien,Pulje 4,385718,4 24-10-2020,4,24-10-2020,lø 24‑10‑2020 16:00,Team Fyn 2,Dalum Hjallese BK 2,Team Fyn,Langeskov Idrætscenter,7-6,9-7,,
2020,1,1,-3,13227,Danmarksserien,Pulje 4,385719,4 24-10-2020,4,24-10-2020,lø 24‑10‑2020 17:00,Skovbakken 2,Vejle,Skovbakken,Annex­hallen,13-0,16-0,,
2020,1,1,-3,13227,Danmarksserien,Pulje 4,385720,4 24-10-2020,4,24-10-2020,lø 24‑10‑2020 14:00,Silkeborg BK,Odense OBK 4,Silkeborg BK,Sydbyhallerne 1-3,11-2,14-2,,
2020,1,1,-3,13227,Danmarksserien,Pulje 4,385721,4 24-10-2020,4,24-10-2020,lø 24‑10‑2020 13:00,Svendborg,Bolbro,Svendborg,Svendborg Badmintonhal,11-2,14-2,,
2020,1,1,-3,13227,Danmarksserien,Pulje 4,405627,NY5 08-05-2021,,,lø 08‑05‑2021 15:00,Bolbro,Team Fyn 2,Bolbro,Bolbro Hallen,-,-,,
2020,1,1,-3,13227,Danmarksserien,Pulje 4,405628,NY5 08-05-2021,,,sø 09‑05‑2021 15:00,Silkeborg BK,Vejle,Silkeborg BK,Sydbyhallerne 2-5,-,-,,
2020,1,1,-3,13227,Danmarksserien,Pulje 4,405629,NY5 08-05-2021,,,(08‑05‑2021),Dalum Hjallese BK 2,Skovbakken 2,Dalum Hjallese BK,,-,-,,
2020,1,1,-3,13227,Danmarksserien,Pulje 4,405630,NY5 08-05-2021,,,lø 08‑05‑2021 14:00,Svendborg,Odense OBK 4,Svendborg,Svendborg Badmintonhal,-,-,,
2020,1,1,-3,13227,Danmarksserien,Pulje 4,405631,NY6 29-05-2021,,,lø 29‑05‑2021 13:00,Skovbakken 2,Svendborg,Skovbakken,Annex­hallen,-,-,,
2020,1,1,-3,13227,Danmarksserien,Pulje 4,405632,NY6 29-05-2021,,,(29‑05‑2021),Odense OBK 4,Dalum Hjallese BK 2,Odense OBK,,-,-,,
2020,1,1,-3,13227,Danmarksserien,Pulje 4,405633,NY6 29-05-2021,,,lø 29‑05‑2021 15:30,Team Fyn 2,Silkeborg BK,Team Fyn,Nr. Broby-­hallen,-,-,,
2020,1,1,-3,13227,Danmarksserien,Pulje 4,405634,NY6 29-05-2021,,,(29‑05‑2021),Vejle,Bolbro,Vejle,,-,-,,
2020,1,1,-3,13227,Danmarksserien,Pulje 4,405635,NY7 02-06-2021,,,(02‑06‑2021),Vejle,Svendborg,Vejle,,-,-,,
2020,1,1,-3,13227,Danmarksserien,Pulje 4,405636,NY7 02-06-2021,,,(02‑06‑2021),Odense OBK 4,Team Fyn 2,Odense OBK,,-,-,,
2020,1,1,-3,13227,Danmarksserien,Pulje 4,405637,NY7 02-06-2021,,,on 02‑06‑2021 19:00,Bolbro,Skovbakken 2,Bolbro,Bolbro Hallen,-,-,,
2020,1,1,-3,13227,Danmarksserien,Pulje 4,405638,NY7 02-06-2021,,,(02‑06‑2021),Dalum Hjallese BK 2,Silkeborg BK,Dalum Hjallese BK,,-,-,,
2020,1,1,-3,13228,Danmarksserien,Pulje 5,385762,1 05-09-2020,1,05-09-2020,lø 05‑09‑2020 14:30,Dragør 2,Hvidovre HB2000,Dragør,Hollænder­hallen 6-8,1-12,1-15,,
2020,1,1,-3,13228,Danmarksserien,Pulje 5,385763,1 05-09-2020,1,05-09-2020,lø 05‑09‑2020 11:00,Nivå-Kokkedal,Team GSG,Nivå-Kokkedal,NKK-Hallen,6-7,7-9,,
2020,1,1,-3,13228,Danmarksserien,Pulje 5,385764,1 05-09-2020,1,05-09-2020,lø 05‑09‑2020 15:30,Humlebæk,Lyngby 3,Humlebæk,Humlebæk­hallen,10-3,13-3,,
2020,1,1,-3,13228,Danmarksserien,Pulje 5,385765,1 05-09-2020,1,05-09-2020,lø 05‑09‑2020 16:30,Vanløse,Gladsaxe Søborg,Vanløse,"Vanløse Hallerne, hal 2",8-5,11-5,,
2020,1,1,-3,13228,Danmarksserien,Pulje 5,385766,2 19-09-2020,2,19-09-2020,sø 20‑09‑2020 15:00,Lyngby 3,Dragør 2,Lyngby,Engelsborg Hallen,12-1,15-1,,
2020,1,1,-3,13228,Danmarksserien,Pulje 5,385767,2 19-09-2020,2,19-09-2020,lø 19‑09‑2020 13:00,Gladsaxe Søborg,Nivå-Kokkedal,Gladsaxe Søborg,Gladsaxe Gl. Badmintonhal,4-9,4-12,,
2020,1,1,-3,13228,Danmarksserien,Pulje 5,385768,2 19-09-2020,2,19-09-2020,lø 19‑09‑2020 15:00,Hvidovre HB2000,Humlebæk,Hvidovre HB2000,Præstemose­hallen 2-5,3-10,3-13,,
2020,1,1,-3,13228,Danmarksserien,Pulje 5,385769,2 19-09-2020,2,19-09-2020,lø 19‑09‑2020 13:00,Team GSG,Vanløse,Team GSG,Gribskov­hallen,7-6,9-7,,
2020,1,1,-3,13228,Danmarksserien,Pulje 5,385770,3 03-10-2020,3,03-10-2020,lø 03‑10‑2020 11:00,Nivå-Kokkedal,Dragør 2,Nivå-Kokkedal,NKK-Hallen,9-4,12-4,,
2020,1,1,-3,13228,Danmarksserien,Pulje 5,385771,3 03-10-2020,3,03-10-2020,lø 03‑10‑2020 13:00,Team GSG,Hvidovre HB2000,Team GSG,Gribskov­hallen,7-6,9-7,,
2020,1,1,-3,13228,Danmarksserien,Pulje 5,385772,3 03-10-2020,3,03-10-2020,lø 03‑10‑2020 17:00,Vanløse,Humlebæk,Vanløse,"Vanløse Hallerne, hal 2",4-9,4-12,,
2020,1,1,-3,13228,Danmarksserien,Pulje 5,385773,3 03-10-2020,3,03-10-2020,lø 03‑10‑2020 13:00,Gladsaxe Søborg,Lyngby 3,Gladsaxe Søborg,Gladsaxe Gl. Badmintonhal,8-5,11-5,,
2020,1,1,-3,13228,Danmarksserien,Pulje 5,385774,4 24-10-2020,4,24-10-2020,lø 24‑10‑2020 15:00,Hvidovre HB2000,Nivå-Kokkedal,Hvidovre HB2000,Præstemose­hallen 2-5,8-5,11-5,,
2020,1,1,-3,13228,Danmarksserien,Pulje 5,385775,4 24-10-2020,4,24-10-2020,lø 24‑10‑2020 15:30,Humlebæk,Team GSG,Humlebæk,Humlebæk­hallen,13-0,16-0,,
2020,1,1,-3,13228,Danmarksserien,Pulje 5,385776,4 24-10-2020,4,24-10-2020,lø 24‑10‑2020 11:30,Lyngby 3,Vanløse,Lyngby,Engelsborg Hallen,4-9,4-12,,
2020,1,1,-3,13228,Danmarksserien,Pulje 5,385777,4 24-10-2020,4,24-10-2020,lø 24‑10‑2020 14:30,Dragør 2,Gladsaxe Søborg,Dragør,Kongelunds­hallen,4-9,4-12,,
2020,1,1,-3,13228,Danmarksserien,Pulje 5,405615,NY5 08-05-2021,,,lø 08‑05‑2021 13:00,Gladsaxe Søborg,Hvidovre HB2000,Gladsaxe Søborg,Gladsaxe Gl. Badmintonhal,-,-,,
2020,1,1,-3,13228,Danmarksserien,Pulje 5,405616,NY5 08-05-2021,,,sø 09‑05‑2021 15:00,Lyngby 3,Team GSG,Lyngby,Engelsborg Hallen,-,-,,
2020,1,1,-3,13228,Danmarksserien,Pulje 5,405617,NY5 08-05-2021,,,(08‑05‑2021),Nivå-Kokkedal,Humlebæk,Nivå-Kokkedal,,-,-,,
2020,1,1,-3,13228,Danmarksserien,Pulje 5,405618,NY5 08-05-2021,,,lø 08‑05‑2021 14:30,Dragør 2,Vanløse,Dragør,Hollænder­hallen 6-8,-,-,,
2020,1,1,-3,13228,Danmarksserien,Pulje 5,405619,NY6 29-05-2021,,,lø 29‑05‑2021 13:00,Humlebæk,Dragør 2,Humlebæk,Humlebæk­hallen,-,-,,
2020,1,1,-3,13228,Danmarksserien,Pulje 5,405620,NY6 29-05-2021,,,(29‑05‑2021),Vanløse,Nivå-Kokkedal,Vanløse,,-,-,,
2020,1,1,-3,13228,Danmarksserien,Pulje 5,405621,NY6 29-05-2021,,,(29‑05‑2021),Hvidovre HB2000,Lyngby 3,Hvidovre HB2000,,-,-,,
2020,1,1,-3,13228,Danmarksserien,Pulje 5,405622,NY6 29-05-2021,,,lø 29‑05‑2021 14:00,Team GSG,Gladsaxe Søborg,Team GSG,Gribskov­hallen,-,-,,
2020,1,1,-3,13228,Danmarksserien,Pulje 5,405623,NY7 02-06-2021,,,on 02‑06‑2021 19:00,Team GSG,Dragør 2,Team GSG,Gribskov­hallen,-,-,,
2020,1,1,-3,13228,Danmarksserien,Pulje 5,405624,NY7 02-06-2021,,,(02‑06‑2021),Vanløse,Hvidovre HB2000,Vanløse,,-,-,,
2020,1,1,-3,13228,Danmarksserien,Pulje 5,405625,NY7 02-06-2021,,,to 03‑06‑2021 19:00,Gladsaxe Søborg,Humlebæk,Gladsaxe Søborg,Gladsaxe Gl. Badmintonhal,-,-,,
2020,1,1,-3,13228,Danmarksserien,Pulje 5,405626,NY7 02-06-2021,,,(02‑06‑2021),Nivå-Kokkedal,Lyngby 3,Nivå-Kokkedal,,-,-,,
2020,1,1,-3,13229,Danmarksserien,Pulje 6,385790,1 05-09-2020,1,05-09-2020,sø 06‑09‑2020 11:00,Herlufsholm,FKIF Frederiksberg,Herlufsholm,Herlufsholm Idrætcenter (Hal 1 & Hal 2),9-4,12-4,,
2020,1,1,-3,13229,Danmarksserien,Pulje 6,385791,1 05-09-2020,1,05-09-2020,lø 05‑09‑2020 16:00,Hvidovre 3,Hillerød 2,Hvidovre,HBC-Hallen 5-7,4-9,4-12,,
2020,1,1,-3,13229,Danmarksserien,Pulje 6,385792,1 05-09-2020,1,05-09-2020,lø 05‑09‑2020 12:00,Nordbyens Badmintonklub,Karlslunde 2,Nordbyens Badmintonklub,Nord Hallen,6-7,7-9,,
2020,1,1,-3,13229,Danmarksserien,Pulje 6,385793,1 05-09-2020,1,05-09-2020,lø 05‑09‑2020 13:30,Frederiksberg,BC37 Amager,Frederiksberg,FBK-Hallen,9-4,12-4,,
2020,1,1,-3,13229,Danmarksserien,Pulje 6,385794,2 19-09-2020,2,19-09-2020,lø 19‑09‑2020 15:00,Karlslunde 2,Herlufsholm,Karlslunde,Karlslunde Idrætscenter hal 2 2-5,10-3,13-3,,
2020,1,1,-3,13229,Danmarksserien,Pulje 6,385795,2 19-09-2020,2,19-09-2020,lø 19‑09‑2020 16:30,BC37 Amager,Hvidovre 3,BC37 Amager,BC37-Hallen,2-11,2-14,,
2020,1,1,-3,13229,Danmarksserien,Pulje 6,385796,2 19-09-2020,2,19-09-2020,lø 19‑09‑2020 15:30,FKIF Frederiksberg,Nordbyens Badmintonklub,FKIF Frederiksberg,Frederiksberghal 3,8-5,11-5,,
2020,1,1,-3,13229,Danmarksserien,Pulje 6,385797,2 19-09-2020,2,19-09-2020,lø 19‑09‑2020 17:00,Hillerød 2,Frederiksberg,Hillerød,Hillerød Badmintonklub,9-4,12-4,,
2020,1,1,-3,13229,Danmarksserien,Pulje 6,385798,3 03-10-2020,3,03-10-2020,lø 03‑10‑2020 16:00,Hvidovre 3,Herlufsholm,Hvidovre,HBC-Hallen 2-4,13-0,16-0,,
2020,1,1,-3,13229,Danmarksserien,Pulje 6,385799,3 03-10-2020,3,03-10-2020,lø 03‑10‑2020 17:00,Hillerød 2,FKIF Frederiksberg,Hillerød,Hillerød Badmintonklub,13-0,16-0,,
2020,1,1,-3,13229,Danmarksserien,Pulje 6,385800,3 03-10-2020,3,03-10-2020,ti 27‑10‑2020 18:30,Frederiksberg,Nordbyens Badmintonklub,Frederiksberg,FBK-Hallen,-,-,Udsat,
2020,1,1,-3,13229,Danmarksserien,Pulje 6,385801,3 03-10-2020,3,03-10-2020,lø 03‑10‑2020 17:00,BC37 Amager,Karlslunde 2,BC37 Amager,BC37-Hallen,3-10,3-13,,
2020,1,1,-3,13229,Danmarksserien,Pulje 6,385802,4 24-10-2020,4,24-10-2020,lø 24‑10‑2020 15:30,FKIF Frederiksberg,Hvidovre 3,FKIF Frederiksberg,Frederiksberghal 3,1-12,1-15,,
2020,1,1,-3,13229,Danmarksserien,Pulje 6,385803,4 24-10-2020,4,24-10-2020,lø 24‑10‑2020 12:00,Nordbyens Badmintonklub,Hillerød 2,Nordbyens Badmintonklub,Nord Hallen,4-9,4-12,,
2020,1,1,-3,13229,Danmarksserien,Pulje 6,385804,4 24-10-2020,4,24-10-2020,lø 24‑10‑2020 15:00,Karlslunde 2,Frederiksberg,Karlslunde,Karlslunde Idrætscenter hal 2 4-6,7-6,9-7,,
2020,1,1,-3,13229,Danmarksserien,Pulje 6,385805,4 24-10-2020,4,24-10-2020,lø 24‑10‑2020 13:30,Herlufsholm,BC37 Amager,Herlufsholm,Herlufsholm Idrætcenter (Hal 1 & Hal 2),9-4,12-4,,
2020,1,1,-3,13229,Danmarksserien,Pulje 6,405603,NY5 08-05-2021,,,lø 08‑05‑2021 17:00,BC37 Amager,FKIF Frederiksberg,BC37 Amager,BC37-Hallen,-,-,,
2020,1,1,-3,13229,Danmarksserien,Pulje 6,405604,NY5 08-05-2021,,,lø 08‑05‑2021 15:00,Karlslunde 2,Hillerød 2,Karlslunde,Karlslunde Idrætscenter hal 2,-,-,,
2020,1,1,-3,13229,Danmarksserien,Pulje 6,405605,NY5 08-05-2021,,,(08‑05‑2021),Hvidovre 3,Nordbyens Badmintonklub,Hvidovre,,-,-,,
2020,1,1,-3,13229,Danmarksserien,Pulje 6,405606,NY5 08-05-2021,,,lø 08‑05‑2021 16:00,Herlufsholm,Frederiksberg,Herlufsholm,Herlufsholm Idrætcenter (Hal 1 & Hal 2),-,-,,
2020,1,1,-3,13229,Danmarksserien,Pulje 6,405607,NY6 29-05-2021,,,lø 29‑05‑2021 14:00,Nordbyens Badmintonklub,Herlufsholm,Nordbyens Badmintonklub,Nord Hallen,-,-,,
2020,1,1,-3,13229,Danmarksserien,Pulje 6,405608,NY6 29-05-2021,,,(29‑05‑2021),Frederiksberg,Hvidovre 3,Frederiksberg,,-,-,,
2020,1,1,-3,13229,Danmarksserien,Pulje 6,405609,NY6 29-05-2021,,,lø 29‑05‑2021 15:30,FKIF Frederiksberg,Karlslunde 2,FKIF Frederiksberg,Frederiksberghal 3,-,-,,
2020,1,1,-3,13229,Danmarksserien,Pulje 6,405610,NY6 29-05-2021,,,lø 29‑05‑2021 17:00,Hillerød 2,BC37 Amager,Hillerød,Hillerød Badmintonklub 5-7,-,-,,
2020,1,1,-3,13229,Danmarksserien,Pulje 6,405611,NY7 02-06-2021,,,to 03‑06‑2021 19:00,Hillerød 2,Herlufsholm,Hillerød,Hillerød Badmintonklub 5-7,-,-,,
2020,1,1,-3,13229,Danmarksserien,Pulje 6,405612,NY7 02-06-2021,,,(02‑06‑2021),Frederiksberg,FKIF Frederiksberg,Frederiksberg,,-,-,,
2020,1,1,-3,13229,Danmarksserien,Pulje 6,405613,NY7 02-06-2021,,,on 02‑06‑2021 19:00,BC37 Amager,Nordbyens Badmintonklub,BC37 Amager,BC37-Hallen,-,-,,
2020,1,1,-3,13229,Danmarksserien,Pulje 6,405614,NY7 02-06-2021,,,(02‑06‑2021),Hvidovre 3,Karlslunde 2,Hvidovre,,-,-,,
2020,1,1,-3,13230,Danmarksserien,Pulje 7,385818,1 05-09-2020,1,05-09-2020,lø 05‑09‑2020 14:30,Dragør,Drive 2,Dragør,Hollænder­hallen 2-4,4-9,4-12,,
2020,1,1,-3,13230,Danmarksserien,Pulje 7,385819,1 05-09-2020,1,05-09-2020,lø 05‑09‑2020 16:30,Frem - Hellebæk,SAIF Kbh. 2,Frem - Hellebæk,Nordkyst­hallen,3-10,3-13,,
2020,1,1,-3,13230,Danmarksserien,Pulje 7,385820,1 05-09-2020,1,05-09-2020,lø 05‑09‑2020 16:30,Holte 3,Birkerød BK13,Holte,Holte Hal 1,5-8,5-11,,
2020,1,1,-3,13230,Danmarksserien,Pulje 7,385821,1 05-09-2020,1,05-09-2020,lø 05‑09‑2020 14:00,Charlottenlund 2,Gladsaxe Søborg 2,Charlottenlund,CBK-Hallen,11-2,14-2,,
2020,1,1,-3,13230,Danmarksserien,Pulje 7,385822,2 19-09-2020,2,19-09-2020,lø 19‑09‑2020 15:00,Birkerød BK13,Dragør,Birkerød BK13,BBK-Hallen,6-7,7-9,,
2020,1,1,-3,13230,Danmarksserien,Pulje 7,385823,2 19-09-2020,2,19-09-2020,lø 19‑09‑2020 16:00,Gladsaxe Søborg 2,Frem - Hellebæk,Gladsaxe Søborg,Gladsaxe Gl. Badmintonhal 1-3,7-6,9-7,,
2020,1,1,-3,13230,Danmarksserien,Pulje 7,385824,2 19-09-2020,2,19-09-2020,lø 19‑09‑2020 16:00,Drive 2,Holte 3,Drive,Mariendals­hallen Hal A 4-6,12-1,15-1,,
2020,1,1,-3,13230,Danmarksserien,Pulje 7,385825,2 19-09-2020,2,19-09-2020,lø 19‑09‑2020 16:15,SAIF Kbh. 2,Charlottenlund 2,SAIF Kbh.,Valby hal 1,12-1,15-1,,
2020,1,1,-3,13230,Danmarksserien,Pulje 7,385826,3 03-10-2020,3,03-10-2020,lø 03‑10‑2020 16:30,Frem - Hellebæk,Dragør,Frem - Hellebæk,Nordkyst­hallen,4-9,4-12,,
2020,1,1,-3,13230,Danmarksserien,Pulje 7,385827,3 03-10-2020,3,03-10-2020,to 08‑10‑2020 19:30,SAIF Kbh. 2,Drive 2,SAIF Kbh.,Valby hal 3,2-11,2-14,,
2020,1,1,-3,13230,Danmarksserien,Pulje 7,385828,3 03-10-2020,3,03-10-2020,lø 03‑10‑2020 14:00,Charlottenlund 2,Holte 3,Charlottenlund,CBK-Hallen,11-2,14-2,,
2020,1,1,-3,13230,Danmarksserien,Pulje 7,385829,3 03-10-2020,3,03-10-2020,lø 03‑10‑2020 16:00,Gladsaxe Søborg 2,Birkerød BK13,Gladsaxe Søborg,Gladsaxe Gl. Badmintonhal,4-9,4-12,,
2020,1,1,-3,13230,Danmarksserien,Pulje 7,385830,4 24-10-2020,4,24-10-2020,lø 24‑10‑2020 16:00,Drive 2,Frem - Hellebæk,Drive,Mariendals­hallen Hal A,10-3,13-3,,
2020,1,1,-3,13230,Danmarksserien,Pulje 7,385831,4 24-10-2020,4,24-10-2020,lø 24‑10‑2020 13:30,Holte 3,SAIF Kbh. 2,Holte,Holte Hal 1 1-3,2-11,2-14,,
2020,1,1,-3,13230,Danmarksserien,Pulje 7,385832,4 24-10-2020,4,24-10-2020,lø 24‑10‑2020 15:00,Birkerød BK13,Charlottenlund 2,Birkerød BK13,BBK-Hallen,7-6,9-7,,
2020,1,1,-3,13230,Danmarksserien,Pulje 7,385833,4 24-10-2020,4,24-10-2020,lø 24‑10‑2020 14:30,Dragør,Gladsaxe Søborg 2,Dragør,Kongelunds­hallen,12-1,15-1,,
2020,1,1,-3,13230,Danmarksserien,Pulje 7,405591,NY5 08-05-2021,,,lø 08‑05‑2021 16:00,Gladsaxe Søborg 2,Drive 2,Gladsaxe Søborg,Gladsaxe Gl. Badmintonhal,-,-,,
2020,1,1,-3,13230,Danmarksserien,Pulje 7,405592,NY5 08-05-2021,,,lø 08‑05‑2021 15:00,Birkerød BK13,SAIF Kbh. 2,Birkerød BK13,BBK-Hallen,-,-,,
2020,1,1,-3,13230,Danmarksserien,Pulje 7,405593,NY5 08-05-2021,,,(08‑05‑2021),Frem - Hellebæk,Holte 3,Frem - Hellebæk,,-,-,,
2020,1,1,-3,13230,Danmarksserien,Pulje 7,405594,NY5 08-05-2021,,,lø 08‑05‑2021 14:30,Dragør,Charlottenlund 2,Dragør,Hollænder­hallen 2-4,-,-,,
2020,1,1,-3,13230,Danmarksserien,Pulje 7,405595,NY6 29-05-2021,,,(29‑05‑2021),Holte 3,Dragør,Holte,,-,-,,
2020,1,1,-3,13230,Danmarksserien,Pulje 7,405596,NY6 29-05-2021,,,(29‑05‑2021),Charlottenlund 2,Frem - Hellebæk,Charlottenlund,,-,-,,
2020,1,1,-3,13230,Danmarksserien,Pulje 7,405597,NY6 29-05-2021,,,lø 29‑05‑2021 16:00,Drive 2,Birkerød BK13,Drive,Mariendals­hallen Hal A 4-6,-,-,,
2020,1,1,-3,13230,Danmarksserien,Pulje 7,405598,NY6 29-05-2021,,,(29‑05‑2021),SAIF Kbh. 2,Gladsaxe Søborg 2,SAIF Kbh.,,-,-,,
2020,1,1,-3,13230,Danmarksserien,Pulje 7,405599,NY7 02-06-2021,,,(02‑06‑2021),SAIF Kbh. 2,Dragør,SAIF Kbh.,,-,-,,
2020,1,1,-3,13230,Danmarksserien,Pulje 7,405600,NY7 02-06-2021,,,(02‑06‑2021),Charlottenlund 2,Drive 2,Charlottenlund,,-,-,,
2020,1,1,-3,13230,Danmarksserien,Pulje 7,405601,NY7 02-06-2021,,,ti 01‑06‑2021 19:00,Gladsaxe Søborg 2,Holte 3,Gladsaxe Søborg,Gladsaxe Gl. Badmintonhal,-,-,,
2020,1,1,-3,13230,Danmarksserien,Pulje 7,405602,NY7 02-06-2021,,,(02‑06‑2021),Frem - Hellebæk,Birkerød BK13,Frem - Hellebæk,,-,-,,
2020,1,1,-3,13231,Danmarksserien,Pulje 8,385846,1 05-09-2020,1,05-09-2020,lø 05‑09‑2020 15:00,KSI Badmintonklub Kbh.,Vordingborg,KSI Badmintonklub Kbh.,O.M.- Hallen,6-7,7-9,,
2020,1,1,-3,13231,Danmarksserien,Pulje 8,385847,1 05-09-2020,1,05-09-2020,lø 05‑09‑2020 12:00,KBK Kbh. 2,Solrød Strand 5,KBK Kbh.,KBK-Hallen,12-1,15-1,,
2020,1,1,-3,13231,Danmarksserien,Pulje 8,385848,1 05-09-2020,1,05-09-2020,lø 05‑09‑2020 15:00,Herlev Badminton 2,Greve 4,Herlev Badminton,Skinderskov­hallen 5-8,8-5,11-5,,
2020,1,1,-3,13231,Danmarksserien,Pulje 8,385849,1 05-09-2020,1,05-09-2020,lø 05‑09‑2020 13:00,Ringsted,KMB2010 3,Ringsted,Ringsted hallerne,8-5,11-5,,
2020,1,1,-3,13231,Danmarksserien,Pulje 8,385850,2 19-09-2020,2,19-09-2020,lø 19‑09‑2020 13:00,Greve 4,KSI Badmintonklub Kbh.,Greve,Greve Idræts Center hal 2,11-2,14-2,,
2020,1,1,-3,13231,Danmarksserien,Pulje 8,385851,2 19-09-2020,2,19-09-2020,sø 20‑09‑2020 13:00,KMB2010 3,KBK Kbh. 2,KMB2010,KMB-Hallen 1-5,5-8,5-11,,
2020,1,1,-3,13231,Danmarksserien,Pulje 8,385852,2 19-09-2020,2,19-09-2020,lø 19‑09‑2020 14:30,Vordingborg,Herlev Badminton 2,Vordingborg,Vordingborg­hallen,8-5,11-5,,
2020,1,1,-3,13231,Danmarksserien,Pulje 8,385853,2 19-09-2020,2,19-09-2020,lø 19‑09‑2020 13:00,Solrød Strand 5,Ringsted,Solrød Strand,Solrød Idrætscenter Hal A 1-3,2-11,2-14,,
2020,1,1,-3,13231,Danmarksserien,Pulje 8,385854,3 03-10-2020,3,03-10-2020,lø 03‑10‑2020 12:00,KBK Kbh. 2,KSI Badmintonklub Kbh.,KBK Kbh.,KBK-Hallen,12-1,15-1,,
2020,1,1,-3,13231,Danmarksserien,Pulje 8,385855,3 03-10-2020,3,03-10-2020,lø 03‑10‑2020 13:00,Solrød Strand 5,Vordingborg,Solrød Strand,Solrød Idrætscenter Hal B,9-4,12-4,,
2020,1,1,-3,13231,Danmarksserien,Pulje 8,385856,3 03-10-2020,3,03-10-2020,lø 03‑10‑2020 13:00,Ringsted,Herlev Badminton 2,Ringsted,Ringsted hallerne,11-2,14-2,,
2020,1,1,-3,13231,Danmarksserien,Pulje 8,385857,3 03-10-2020,3,03-10-2020,sø 04‑10‑2020 13:00,KMB2010 3,Greve 4,KMB2010,KMB-Hallen 1-5,12-1,15-1,,
2020,1,1,-3,13231,Danmarksserien,Pulje 8,385858,4 24-10-2020,4,24-10-2020,lø 24‑10‑2020 15:00,Vordingborg,KBK Kbh. 2,Vordingborg,Vordingborg­hallen,3-10,3-13,,
2020,1,1,-3,13231,Danmarksserien,Pulje 8,385859,4 24-10-2020,4,24-10-2020,lø 24‑10‑2020 12:00,Herlev Badminton 2,Solrød Strand 5,Herlev Badminton,Skinderskov­hallen 1-4,6-7,7-9,,
2020,1,1,-3,13231,Danmarksserien,Pulje 8,385860,4 24-10-2020,4,24-10-2020,lø 24‑10‑2020 15:00,Greve 4,Ringsted,Greve,Greve Idræts Center hal 2,4-9,4-12,,
2020,1,1,-3,13231,Danmarksserien,Pulje 8,385861,4 24-10-2020,4,24-10-2020,lø 24‑10‑2020 15:00,KSI Badmintonklub Kbh.,KMB2010 3,KSI Badmintonklub Kbh.,O.M.- Hallen 1-3,1-12,1-15,,
2020,1,1,-3,13231,Danmarksserien,Pulje 8,405579,NY5 08-05-2021,,,lø 08‑05‑2021 13:00,KMB2010 3,Vordingborg,KMB2010,KMB-Hallen 6-8,-,-,,
2020,1,1,-3,13231,Danmarksserien,Pulje 8,405580,NY5 08-05-2021,,,lø 08‑05‑2021 13:00,Greve 4,Solrød Strand 5,Greve,Greve Idræts Center hal 2,-,-,,
2020,1,1,-3,13231,Danmarksserien,Pulje 8,405581,NY5 08-05-2021,,,lø 08‑05‑2021 12:00,KBK Kbh. 2,Herlev Badminton 2,KBK Kbh.,KBK-Hallen 2-4,-,-,,
2020,1,1,-3,13231,Danmarksserien,Pulje 8,405582,NY5 08-05-2021,,,lø 08‑05‑2021 15:00,KSI Badmintonklub Kbh.,Ringsted,KSI Badmintonklub Kbh.,O.M.- Hallen 2-5,-,-,,
2020,1,1,-3,13231,Danmarksserien,Pulje 8,405583,NY6 29-05-2021,,,lø 29‑05‑2021 11:30,Herlev Badminton 2,KSI Badmintonklub Kbh.,Herlev Badminton,Skinderskov­hallen 1-4,-,-,,
2020,1,1,-3,13231,Danmarksserien,Pulje 8,405584,NY6 29-05-2021,,,lø 29‑05‑2021 13:00,Ringsted,KBK Kbh. 2,Ringsted,Ringsted hallerne,-,-,,
2020,1,1,-3,13231,Danmarksserien,Pulje 8,405585,NY6 29-05-2021,,,lø 29‑05‑2021 14:00,Vordingborg,Greve 4,Vordingborg,Vordingborg­hallen,-,-,,
2020,1,1,-3,13231,Danmarksserien,Pulje 8,405586,NY6 29-05-2021,,,sø 30‑05‑2021 14:00,Solrød Strand 5,KMB2010 3,Solrød Strand,Havdrup­hallen,-,-,,
2020,1,1,-3,13231,Danmarksserien,Pulje 8,405587,NY7 02-06-2021,,,ti 01‑06‑2021 19:00,Solrød Strand 5,KSI Badmintonklub Kbh.,Solrød Strand,Solrød Idrætscenter Hal B,-,-,,
2020,1,1,-3,13231,Danmarksserien,Pulje 8,405588,NY7 02-06-2021,,,to 03‑06‑2021 19:00,Ringsted,Vordingborg,Ringsted,Ringsted hallerne,-,-,,
2020,1,1,-3,13231,Danmarksserien,Pulje 8,405589,NY7 02-06-2021,,,to 03‑06‑2021 19:00,KMB2010 3,Herlev Badminton 2,KMB2010,KMB-Hallen 6-8,-,-,,
2020,1,1,-3,13231,Danmarksserien,Pulje 8,405590,NY7 02-06-2021,,,ti 01‑06‑2021 19:00,KBK Kbh. 2,Greve 4,KBK Kbh.,KBK-Hallen 2-4,-,-,,
